"CellBarcodes","Cluster"
"AAACCTGAGAGCCCAA","3"
"AAACCTGAGCTAGTCT","2"
"AAACCTGAGGATGTAT","6"
"AAACCTGAGGGATACC","3"
"AAACCTGAGTTTAGGA","1"
"AAACCTGCACCAACCG","0"
"AAACCTGCACGTCTCT","0"
"AAACCTGCAGGAACGT","4"
"AAACCTGGTAACGACG","2"
"AAACCTGGTCGCCATG","0"
"AAACCTGGTCGGCATC","1"
"AAACCTGGTGCGCTTG","3"
"AAACCTGTCAACACTG","1"
"AAACCTGTCACGATGT","0"
"AAACCTGTCATTGCGA","2"
"AAACCTGTCCTGCTTG","3"
"AAACGGGAGGTTACCT","5"
"AAACGGGAGTCGCCGT","0"
"AAACGGGCACGCTTTC","0"
"AAACGGGCATCTCCCA","3"
"AAACGGGCATGCCTTC","0"
"AAACGGGCATGTCCTC","1"
"AAACGGGGTCCAACTA","0"
"AAACGGGGTCGCTTTC","5"
"AAACGGGTCAGCGACC","1"
"AAAGATGAGCTGAACG","2"
"AAAGATGAGTTATCGC","1"
"AAAGATGCACACCGCA","0"
"AAAGATGGTAGCGCTC","1"
"AAAGATGGTCATGCCG","0"
"AAAGATGTCCCATTAT","2"
"AAAGATGTCCCGACTT","0"
"AAAGATGTCGGTCCGA","1"
"AAAGCAAAGACCTTTG","0"
"AAAGCAACACGAAATA","0"
"AAAGCAACATGGATGG","1"
"AAAGCAAGTTCCACTC","2"
"AAAGCAATCCACGTTC","1"
"AAAGTAGAGGACAGCT","0"
"AAAGTAGAGGCCCTTG","0"
"AAAGTAGAGTCCGGTC","1"
"AAAGTAGCAAACGCGA","2"
"AAAGTAGGTGCGGTAA","1"
"AAAGTAGGTGTAACGG","0"
"AAAGTAGGTTAGTGGG","0"
"AAAGTAGTCACAACGT","4"
"AAAGTAGTCAGGCGAA","0"
"AAAGTAGTCATCGATG","0"
"AAAGTAGTCATGGTCA","0"
"AAAGTAGTCGGCGGTT","2"
"AAATGCCAGGACACCA","3"
"AAATGCCAGGTGATTA","0"
"AAATGCCCAAGGGTCA","1"
"AAATGCCCAATGAAAC","0"
"AAATGCCCAGCCTATA","0"
"AAATGCCCATCCGCGA","3"
"AAATGCCGTGACTACT","0"
"AAATGCCTCCGAATGT","2"
"AACACGTAGCGCCTTG","3"
"AACACGTAGGATCGCA","2"
"AACACGTAGGATTCGG","1"
"AACACGTAGGTAGCTG","3"
"AACACGTGTCGAATCT","0"
"AACACGTTCATCACCC","2"
"AACACGTTCGTTGACA","2"
"AACCATGAGAGACTTA","0"
"AACCATGAGAGCCCAA","1"
"AACCATGAGCTCCTTC","1"
"AACCATGAGGCTCTTA","3"
"AACCATGGTCACCTAA","0"
"AACCATGGTTCCTCCA","0"
"AACCATGTCGCCCTTA","2"
"AACCGCGGTTATTCTC","0"
"AACCGCGTCAAACCAC","0"
"AACCGCGTCAATAAGG","6"
"AACCGCGTCACATAGC","0"
"AACGTTGAGACTAAGT","0"
"AACGTTGAGCACAGGT","0"
"AACGTTGAGGTGGGTT","0"
"AACGTTGCAACACGCC","1"
"AACGTTGCACAAGCCC","2"
"AACGTTGCACCGATAT","0"
"AACGTTGCACGTGAGA","2"
"AACGTTGGTCAGTGGA","0"
"AACGTTGGTGCCTGGT","1"
"AACGTTGTCAACCAAC","0"
"AACGTTGTCAGGTTCA","0"
"AACGTTGTCCGTCAAA","0"
"AACGTTGTCCTTTCGG","3"
"AACGTTGTCGATCCCT","1"
"AACGTTGTCTGGTATG","1"
"AACTCAGAGTCAAGGC","1"
"AACTCAGAGTGCTGCC","2"
"AACTCAGCACACGCTG","0"
"AACTCAGCACACTGCG","0"
"AACTCAGCAGACGTAG","0"
"AACTCAGCAGTCGATT","0"
"AACTCAGCATCATCCC","0"
"AACTCAGGTCTCACCT","1"
"AACTCAGTCGCAGGCT","0"
"AACTCCCAGGCCATAG","2"
"AACTCCCAGGTGCACA","1"
"AACTCCCCACGGTAAG","0"
"AACTCCCCAGGGTACA","5"
"AACTCCCCAGTGGAGT","0"
"AACTCCCGTAGTAGTA","1"
"AACTCCCGTCTAAACC","4"
"AACTCCCTCGTACCGG","1"
"AACTCTTAGCAGCGTA","2"
"AACTCTTAGTGGTAGC","3"
"AACTCTTCAGACGCTC","1"
"AACTCTTCAGGATTGG","0"
"AACTCTTCAGGTTTCA","0"
"AACTCTTGTCACCCAG","0"
"AACTCTTTCGTTACGA","1"
"AACTCTTTCTGATTCT","3"
"AACTGGTAGTGTACCT","0"
"AACTGGTCACATTAGC","0"
"AACTGGTCACCTATCC","0"
"AACTGGTCACGAAATA","0"
"AACTGGTCATCAGTCA","1"
"AACTGGTCATCCCATC","0"
"AACTGGTGTTATCACG","0"
"AACTGGTTCAGGTAAA","0"
"AACTTTCCAGTAAGAT","3"
"AACTTTCCAGTAAGCG","4"
"AACTTTCGTCTGGTCG","1"
"AACTTTCGTGTCTGAT","2"
"AACTTTCGTTGATTCG","0"
"AAGACCTAGTACACCT","2"
"AAGACCTAGTACTTGC","4"
"AAGACCTAGTGTTTGC","0"
"AAGACCTAGTTTAGGA","2"
"AAGACCTGTCTCTTAT","0"
"AAGACCTTCAGTTGAC","1"
"AAGCCGCCAAAGAATC","1"
"AAGCCGCGTGCACTTA","1"
"AAGCCGCGTTGTCGCG","1"
"AAGCCGCTCCGTAGGC","0"
"AAGCCGCTCGTACGGC","1"
"AAGCCGCTCTATGTGG","0"
"AAGGAGCCAACTGCGC","0"
"AAGGAGCCACCGCTAG","0"
"AAGGAGCCATGTAAGA","1"
"AAGGAGCGTCAACTGT","0"
"AAGGAGCGTGCCTTGG","2"
"AAGGAGCGTTCGGCAC","2"
"AAGGAGCTCAATAAGG","3"
"AAGGAGCTCAGCTCGG","0"
"AAGGCAGAGCACACAG","0"
"AAGGCAGCATGAAGTA","0"
"AAGGCAGCATGCCCGA","0"
"AAGGCAGGTATTCGTG","2"
"AAGGCAGGTCCGAAGA","0"
"AAGGCAGGTGAAAGAG","0"
"AAGGCAGTCCTAGTGA","1"
"AAGGTTCAGAAGGTGA","2"
"AAGGTTCAGCTGGAAC","1"
"AAGGTTCAGTCAATAG","3"
"AAGGTTCCACGAGGTA","0"
"AAGTCTGAGCTAACAA","1"
"AAGTCTGAGCTACCGC","0"
"AAGTCTGCATTGTGCA","0"
"AAGTCTGGTCATGCCG","4"
"AAGTCTGGTGTAACGG","1"
"AAGTCTGTCTGGCGAC","6"
"AAGTCTGTCTTGAGAC","1"
"AATCCAGAGGAGTTGC","3"
"AATCCAGAGGGATCTG","0"
"AATCCAGCATACGCTA","1"
"AATCCAGGTGTGGCTC","2"
"AATCCAGTCGCGTAGC","0"
"AATCGGTAGACAGAGA","0"
"AATCGGTAGACGACGT","0"
"AATCGGTCAAGTCATC","1"
"AATCGGTCATACGCCG","0"
"AATCGGTGTACTTAGC","2"
"AATCGGTGTAGTGAAT","0"
"AATCGGTGTGGTACAG","0"
"AATCGGTGTTAGTGGG","2"
"AATCGGTTCCGTACAA","1"
"AATCGGTTCCTGTACC","3"
"ACACCAAAGCCCAACC","0"
"ACACCAAAGCTACCGC","2"
"ACACCAAAGGCCATAG","0"
"ACACCAAAGTACGTTC","2"
"ACACCAAAGTTAGGTA","0"
"ACACCAAGTCAAAGCG","1"
"ACACCAATCACATAGC","0"
"ACACCAATCACTCCTG","1"
"ACACCAATCACTTCAT","0"
"ACACCCTAGAAGAAGC","2"
"ACACCCTAGGCGATAC","0"
"ACACCCTAGTTCGATC","1"
"ACACCCTCAAGCGATG","0"
"ACACCCTCACGTTGGC","0"
"ACACCCTCAGCTATTG","0"
"ACACCCTCATAGAAAC","0"
"ACACCCTGTCTAACGT","0"
"ACACCCTGTGCGAAAC","2"
"ACACCCTGTTAAGTAG","4"
"ACACCCTGTTCCCGAG","0"
"ACACCCTGTTGCCTCT","3"
"ACACCCTTCTCTGAGA","0"
"ACACCGGAGCACAGGT","0"
"ACACCGGAGCCACCTG","0"
"ACACCGGAGGTGATTA","1"
"ACACCGGAGGTGCTTT","0"
"ACACCGGCACGGCGTT","0"
"ACACCGGCATAGTAAG","0"
"ACACCGGGTAGCTAAA","0"
"ACACCGGGTATATGGA","0"
"ACACCGGTCTGATACG","1"
"ACACTGAAGTAAGTAC","0"
"ACACTGAAGTGAACGC","0"
"ACACTGAAGTGTTGAA","0"
"ACACTGACACAGATTC","2"
"ACACTGACACGAAACG","0"
"ACACTGACAGGGTACA","0"
"ACACTGAGTCTCTCTG","2"
"ACACTGAGTTCTGTTT","1"
"ACAGCCGAGGCATGTG","1"
"ACAGCCGAGTTAGGTA","2"
"ACAGCCGCACCAGCAC","1"
"ACAGCCGTCAGCCTAA","0"
"ACAGCCGTCAGTCAGT","4"
"ACAGCCGTCCGTCATC","0"
"ACAGCTAAGAATTCCC","3"
"ACAGCTACACCCAGTG","2"
"ACAGCTATCACTTCAT","0"
"ACAGCTATCAGCACAT","0"
"ACAGCTATCAGGATCT","0"
"ACAGCTATCCAGAGGA","1"
"ACAGCTATCCGTCAAA","0"
"ACAGCTATCGCAAACT","3"
"ACAGCTATCGGCGGTT","0"
"ACATACGAGAAACCTA","0"
"ACATACGAGATAGCAT","4"
"ACATACGAGGGTGTGT","2"
"ACATACGAGTCCATAC","1"
"ACATACGCAAATTGCC","2"
"ACATACGCACGGCCAT","0"
"ACATACGGTATATCCG","0"
"ACATACGTCAGCGATT","2"
"ACATACGTCGCGCCAA","0"
"ACATCAGCACTGCCAG","0"
"ACATCAGCAGACGCAA","3"
"ACATCAGCATGCCTAA","0"
"ACATCAGGTCTCTTTA","0"
"ACATCAGGTGACTCAT","0"
"ACATCAGGTGTGCGTC","5"
"ACATCAGTCAAGGTAA","2"
"ACATCAGTCGGCTTGG","2"
"ACATGGTCAAGAAAGG","1"
"ACATGGTCAATCTACG","0"
"ACATGGTCAGACACTT","0"
"ACATGGTCATCTCCCA","0"
"ACATGGTGTGTTTGTG","0"
"ACATGGTTCTCGCTTG","2"
"ACATGGTTCTGCAAGT","0"
"ACCAGTAAGCGGCTTC","1"
"ACCAGTACAGACACTT","1"
"ACCAGTAGTAAATGTG","2"
"ACCAGTAGTAATCACC","2"
"ACCAGTATCTACTCAT","0"
"ACCCACTCAATGGATA","0"
"ACCCACTCAGATGGCA","4"
"ACCCACTGTTGACGTT","4"
"ACCCACTTCGCACTCT","0"
"ACCCACTTCGGATGTT","2"
"ACCGTAAAGAAACGAG","3"
"ACCGTAAAGGCATGTG","5"
"ACCGTAAAGGGTTCCC","0"
"ACCGTAACAAGTTCTG","1"
"ACCGTAACACGGCTAC","1"
"ACCGTAAGTTATTCTC","4"
"ACCGTAATCAATCACG","0"
"ACCGTAATCGAACGGA","0"
"ACCGTAATCGTTACAG","2"
"ACCTTTACAAGGTGTG","2"
"ACCTTTAGTAGGGTAC","2"
"ACCTTTAGTCCTCCAT","0"
"ACCTTTAGTGCGGTAA","0"
"ACCTTTATCGTCTGAA","2"
"ACGAGCCAGACGCTTT","0"
"ACGAGCCAGACTGGGT","0"
"ACGAGCCAGGATATAC","1"
"ACGAGCCCACATCTTT","0"
"ACGAGCCCATCCCACT","1"
"ACGAGCCCATTGCGGC","0"
"ACGAGCCCATTTGCTT","1"
"ACGAGCCGTCACCTAA","0"
"ACGAGCCGTGCGATAG","0"
"ACGAGCCTCCTAAGTG","0"
"ACGAGCCTCTGGTTCC","0"
"ACGAGGAAGCCAACAG","1"
"ACGAGGACACTAAGTC","2"
"ACGAGGACAGACAAGC","3"
"ACGAGGAGTTATCGGT","1"
"ACGAGGAGTTCAACCA","0"
"ACGAGGATCACGAAGG","3"
"ACGAGGATCGTACCGG","1"
"ACGATACCACGAGAGT","1"
"ACGATACCATCCAACA","2"
"ACGATACCATGGTCTA","0"
"ACGATACGTGTTCGAT","2"
"ACGATACTCGGAGGTA","0"
"ACGATGTAGACAATAC","1"
"ACGATGTCAACACCCG","0"
"ACGATGTCAATGAATG","0"
"ACGATGTCACGTTGGC","0"
"ACGATGTCATTTGCTT","0"
"ACGATGTTCAAGATCC","0"
"ACGATGTTCCAAGCCG","0"
"ACGATGTTCTCGAGTA","0"
"ACGCAGCAGCGACGTA","4"
"ACGCAGCAGCTACCGC","2"
"ACGCAGCAGTTTCCTT","2"
"ACGCAGCCACCAGTTA","2"
"ACGCAGCCACGTAAGG","2"
"ACGCAGCCATCCGGGT","0"
"ACGCAGCCATCGACGC","0"
"ACGCAGCCATTTCACT","3"
"ACGCAGCGTCATTAGC","0"
"ACGCAGCGTGTCAATC","1"
"ACGCCAGAGAGTCGGT","5"
"ACGCCAGAGTGGAGAA","1"
"ACGCCAGCATGACATC","1"
"ACGCCAGGTCCGAAGA","0"
"ACGCCAGGTTACAGAA","0"
"ACGCCAGGTTGAGTTC","1"
"ACGCCAGTCTCACATT","2"
"ACGCCAGTCTCTAGGA","2"
"ACGCCGAAGATCGATA","0"
"ACGCCGACAGACAAAT","0"
"ACGCCGACAGTGAGTG","1"
"ACGCCGACATGCCTTC","1"
"ACGCCGAGTGAGGCTA","2"
"ACGCCGATCGGCTTGG","0"
"ACGGAGAAGCATCATC","0"
"ACGGAGAAGCCAGGAT","3"
"ACGGAGAAGCGTGTCC","3"
"ACGGAGAAGTAGGTGC","0"
"ACGGAGAAGTGGAGTC","3"
"ACGGAGAGTCGACTGC","0"
"ACGGAGATCCTGTAGA","0"
"ACGGCCAAGATGCCAG","0"
"ACGGCCAAGCTGCCCA","1"
"ACGGCCAAGTGTACCT","2"
"ACGGCCACAATGAAAC","1"
"ACGGCCACAGCCTATA","0"
"ACGGCCACAGCCTGTG","0"
"ACGGCCACATCATCCC","1"
"ACGGCCACATTCTCAT","0"
"ACGGCCAGTGCCTGGT","6"
"ACGGGCTTCATCGCTC","0"
"ACGGGCTTCGAACTGT","0"
"ACGGGCTTCGAGGTAG","0"
"ACGGGCTTCTGCCCTA","2"
"ACGGGTCAGAGGTTGC","2"
"ACGGGTCAGCGTGTCC","0"
"ACGGGTCAGTTAAGTG","3"
"ACGGGTCCACCATGTA","0"
"ACGGGTCCACCCTATC","1"
"ACGGGTCCACGTGAGA","0"
"ACGGGTCCATAAGACA","0"
"ACGGGTCGTACTTGAC","4"
"ACGGGTCTCTATGTGG","0"
"ACGTCAAAGAGAACAG","0"
"ACGTCAAAGCACCGTC","4"
"ACGTCAAAGCTATGCT","2"
"ACGTCAACAAGTAATG","3"
"ACGTCAACAATAAGCA","0"
"ACGTCAACACCAACCG","5"
"ACGTCAACACCGAATT","1"
"ACGTCAACAGCTGTAT","0"
"ACGTCAAGTAAACGCG","1"
"ACGTCAAGTAAGAGGA","0"
"ACGTCAATCCCAACGG","0"
"ACGTCAATCGAATGCT","0"
"ACTATCTAGACGCACA","0"
"ACTATCTAGAGTAAGG","2"
"ACTATCTAGCACCGCT","0"
"ACTATCTAGGCCCTTG","2"
"ACTATCTAGGCTCATT","3"
"ACTATCTAGGTAGCTG","2"
"ACTATCTCAAAGCGGT","0"
"ACTATCTCACATTCGA","0"
"ACTATCTCACGACTCG","2"
"ACTATCTCATAGACTC","0"
"ACTATCTCATCACCCT","1"
"ACTATCTCATCCGTGG","2"
"ACTATCTGTCCCTACT","0"
"ACTATCTGTCGCGGTT","0"
"ACTATCTGTGAGTATA","4"
"ACTATCTGTGCGAAAC","1"
"ACTATCTGTTAAAGTG","1"
"ACTATCTGTTCCACTC","0"
"ACTATCTGTTGAACTC","0"
"ACTATCTTCAGCTTAG","0"
"ACTATCTTCTGCGACG","0"
"ACTGAACAGTCCCACG","0"
"ACTGAACAGTCGATAA","3"
"ACTGAACCAACGCACC","0"
"ACTGAACCAATAAGCA","0"
"ACTGAACCACCGAAAG","0"
"ACTGAACGTAGCGATG","0"
"ACTGAACGTAGTAGTA","1"
"ACTGAACTCATACGGT","2"
"ACTGAACTCCGGGTGT","3"
"ACTGAACTCTCGGACG","3"
"ACTGAACTCTTTAGGG","2"
"ACTGAGTAGCACAGGT","0"
"ACTGAGTCATCCGGGT","1"
"ACTGAGTTCTAACTGG","2"
"ACTGAGTTCTGAAAGA","0"
"ACTGATGAGACAGAGA","0"
"ACTGATGCAGCCTGTG","6"
"ACTGATGCAGTTCCCT","0"
"ACTGATGCATGCCCGA","0"
"ACTGATGCATTTGCTT","5"
"ACTGATGGTAAACACA","1"
"ACTGATGGTGAGTGAC","5"
"ACTGATGTCATCGGAT","1"
"ACTGATGTCCAACCAA","1"
"ACTGCTCAGCACCGCT","0"
"ACTGCTCAGTCCGTAT","3"
"ACTGCTCCAACTGCTA","0"
"ACTGCTCCAAGTCATC","2"
"ACTGCTCCACTCGACG","2"
"ACTGCTCCAGAGCCAA","0"
"ACTGCTCCAGCTGTTA","0"
"ACTGCTCCATTGGTAC","0"
"ACTGCTCGTCCCGACA","5"
"ACTGCTCGTGCCTTGG","0"
"ACTGCTCGTGCGGTAA","0"
"ACTGCTCTCAGCTCGG","0"
"ACTGCTCTCCCAGGTG","6"
"ACTGCTCTCCGCAGTG","0"
"ACTGTCCAGATCTGCT","2"
"ACTGTCCAGTATCTCG","2"
"ACTGTCCAGTCGTTTG","0"
"ACTGTCCCATATGGTC","2"
"ACTGTCCGTACAAGTA","4"
"ACTGTCCGTCAAAGAT","1"
"ACTGTCCTCATCGATG","2"
"ACTGTCCTCCAACCAA","1"
"ACTGTCCTCTTCGAGA","6"
"ACTTACTAGAACAACT","0"
"ACTTACTAGCCACTAT","3"
"ACTTACTCATTTCACT","5"
"ACTTACTGTCCGAAGA","0"
"ACTTACTTCGATAGAA","3"
"ACTTACTTCTTAGAGC","0"
"ACTTGTTAGCTGAACG","0"
"ACTTGTTAGCTGGAAC","0"
"ACTTGTTCATGCAACT","0"
"ACTTGTTCATGCCTAA","0"
"ACTTGTTGTTAAGGGC","0"
"ACTTGTTTCCGCGGTA","1"
"ACTTTCAAGACTAAGT","2"
"ACTTTCAAGCCCGAAA","2"
"ACTTTCAAGTTCCACA","2"
"ACTTTCACACCGCTAG","0"
"ACTTTCACAGCCTGTG","2"
"ACTTTCAGTTGTGGAG","1"
"ACTTTCATCCCTAACC","0"
"ACTTTCATCGAACTGT","0"
"ACTTTCATCGTTGCCT","0"
"ACTTTCATCTAACGGT","2"
"ACTTTCATCTGTTTGT","5"
"AGAATAGAGCTGTCTA","5"
"AGAATAGAGGGTTTCT","2"
"AGAATAGAGTCGTACT","1"
"AGAATAGCAAAGAATC","0"
"AGAATAGCATCGACGC","0"
"AGAATAGCATGAGCGA","1"
"AGAATAGGTAGGCTGA","0"
"AGACGTTAGCCCGAAA","2"
"AGACGTTCAAAGGTGC","1"
"AGACGTTCAAGGGTCA","1"
"AGACGTTCACATTCGA","0"
"AGACGTTCAGGATCGA","0"
"AGACGTTTCTAGCACA","4"
"AGAGCGAAGTACATGA","0"
"AGAGCGACAAGAAAGG","1"
"AGAGCGACACGGCCAT","1"
"AGAGCGACAGCTATTG","0"
"AGAGCGAGTCGGGTCT","0"
"AGAGCGAGTTCCAACA","2"
"AGAGCTTAGACTGTAA","6"
"AGAGCTTAGTTCGCAT","1"
"AGAGCTTCATCCGGGT","2"
"AGAGCTTGTGCAACTT","0"
"AGAGTGGAGAGAGCTC","3"
"AGAGTGGAGCACGCCT","0"
"AGAGTGGAGCTGCCCA","3"
"AGAGTGGCAATTGCTG","0"
"AGAGTGGCAGCCAGAA","0"
"AGAGTGGGTAAACACA","0"
"AGAGTGGGTCTTGATG","0"
"AGAGTGGGTTCGCTAA","0"
"AGAGTGGTCAACGGCC","1"
"AGAGTGGTCCAATGGT","3"
"AGAGTGGTCGCCAAAT","1"
"AGAGTGGTCGTAGATC","0"
"AGAGTGGTCTCGCATC","0"
"AGAGTGGTCTGCTTGC","0"
"AGATCTGAGGCTCTTA","0"
"AGATCTGAGGGTTTCT","0"
"AGATCTGAGTTACGGG","1"
"AGATCTGCAACGATGG","1"
"AGATCTGCATGCCACG","2"
"AGATCTGGTAAACACA","2"
"AGATCTGGTCCTCCAT","2"
"AGATCTGGTTATCCGA","1"
"AGATCTGTCTCCGGTT","0"
"AGATTGCAGACCCACC","0"
"AGATTGCAGGAATCGC","0"
"AGATTGCAGTATCTCG","0"
"AGATTGCCAATTGCTG","2"
"AGATTGCGTGCAACGA","4"
"AGATTGCGTGTCAATC","0"
"AGATTGCTCCACGTTC","2"
"AGATTGCTCGTCCAGG","0"
"AGCAGCCAGACTAGGC","5"
"AGCAGCCCAATCACAC","2"
"AGCAGCCCACGGCCAT","2"
"AGCAGCCGTTACAGAA","0"
"AGCAGCCGTTCCCGAG","0"
"AGCAGCCTCAAAGTAG","1"
"AGCAGCCTCCTTTCGG","0"
"AGCAGCCTCGAACGGA","1"
"AGCAGCCTCTCAACTT","1"
"AGCATACAGATATGGT","0"
"AGCATACAGCGATTCT","3"
"AGCATACAGGACATTA","1"
"AGCATACCATTCTTAC","3"
"AGCATACGTCGTCTTC","0"
"AGCATACTCACTCCTG","0"
"AGCATACTCCTTAATC","3"
"AGCATACTCTCCCTGA","2"
"AGCATACTCTGAGTGT","0"
"AGCCTAAAGACCTTTG","0"
"AGCCTAAAGACGCACA","0"
"AGCCTAAAGGCCCTCA","0"
"AGCCTAAAGGTACTCT","2"
"AGCCTAACACGAAACG","0"
"AGCCTAAGTCGACTGC","0"
"AGCCTAATCCGCTGTT","1"
"AGCGGTCAGACGCTTT","3"
"AGCGGTCAGGACAGAA","1"
"AGCGGTCAGGCGACAT","2"
"AGCGGTCCAGTCAGAG","0"
"AGCGGTCCAGTCGATT","0"
"AGCGGTCCATCACCCT","2"
"AGCGGTCGTCTGCCAG","0"
"AGCGGTCGTGTGGCTC","0"
"AGCGGTCGTTCTGGTA","0"
"AGCGGTCTCATCGCTC","0"
"AGCGGTCTCATGTAGC","0"
"AGCGGTCTCCCATTTA","0"
"AGCGTATAGACTGTAA","0"
"AGCGTATCAACTGGCC","0"
"AGCGTATCACCCATTC","1"
"AGCGTATCATCGATTG","0"
"AGCGTATCATGGGACA","5"
"AGCGTATGTGAGGGTT","0"
"AGCGTATTCCGCATCT","2"
"AGCGTATTCGTGTAGT","0"
"AGCGTCGAGGTCATCT","3"
"AGCGTCGAGTGGTAGC","2"
"AGCGTCGCAATAGAGT","2"
"AGCGTCGCACGCGAAA","3"
"AGCGTCGCAGTAAGAT","6"
"AGCGTCGCATAACCTG","0"
"AGCGTCGGTAACGCGA","1"
"AGCGTCGGTGTGACGA","3"
"AGCGTCGTCGACGGAA","1"
"AGCTCCTAGGCCCTCA","1"
"AGCTCCTCAATGAATG","0"
"AGCTCCTCACACTGCG","2"
"AGCTCCTCAGCCTTTC","0"
"AGCTCCTGTAGATTAG","1"
"AGCTCCTGTCAGAAGC","3"
"AGCTCCTGTCCAACTA","1"
"AGCTCCTGTTAAGACA","1"
"AGCTCCTTCAGCACAT","0"
"AGCTCCTTCCTTGCCA","1"
"AGCTCCTTCTCGCATC","2"
"AGCTCTCAGATACACA","6"
"AGCTCTCAGCGTTGCC","4"
"AGCTCTCAGTCTCAAC","1"
"AGCTCTCCAATGAAAC","0"
"AGCTCTCCATGCCTAA","1"
"AGCTCTCGTAGTACCT","2"
"AGCTCTCGTCATGCAT","3"
"AGCTCTCGTCGCGAAA","0"
"AGCTCTCTCACCTCGT","5"
"AGCTCTCTCGTTGACA","3"
"AGCTTGAAGGAATTAC","5"
"AGCTTGAAGGACGAAA","0"
"AGCTTGAAGTCGATAA","3"
"AGCTTGACAGACAAAT","0"
"AGCTTGAGTATATGAG","1"
"AGCTTGAGTGTAATGA","0"
"AGCTTGATCACTCTTA","4"
"AGCTTGATCTTGTTTG","0"
"AGGCCACAGGAATTAC","3"
"AGGCCACCAAGTCTAC","0"
"AGGCCACGTATGCTTG","2"
"AGGCCACGTCCGACGT","3"
"AGGCCACGTCTCTCTG","2"
"AGGCCACGTGAAATCA","0"
"AGGCCACTCTTATCTG","0"
"AGGCCGTAGCCAGTTT","3"
"AGGCCGTAGTAGATGT","2"
"AGGCCGTAGTCGTACT","0"
"AGGCCGTCAGCTGCAC","0"
"AGGCCGTGTAAAGTCA","0"
"AGGCCGTGTCAGCTAT","0"
"AGGCCGTGTGCAGTAG","0"
"AGGCCGTTCACCGTAA","1"
"AGGCCGTTCCCTGACT","3"
"AGGGAGTAGAAGCCCA","2"
"AGGGAGTAGCTGCGAA","0"
"AGGGAGTAGGGTCGAT","2"
"AGGGAGTAGTGTACGG","2"
"AGGGAGTCATCACCCT","0"
"AGGGAGTGTCCGTTAA","0"
"AGGGAGTGTCCTGCTT","5"
"AGGGAGTGTGGCCCTA","2"
"AGGGAGTTCACAACGT","1"
"AGGGATGAGCGTGTCC","0"
"AGGGATGCAAGGTTCT","0"
"AGGGATGGTAAGTAGT","0"
"AGGGTGAAGACCACGA","5"
"AGGGTGACATACTACG","0"
"AGGGTGAGTCTCAACA","1"
"AGGGTGAGTGACAAAT","0"
"AGGGTGATCAGCACAT","2"
"AGGTCATCAAACGCGA","0"
"AGGTCATCATTTCACT","0"
"AGGTCATGTACCAGTT","0"
"AGGTCATTCAGATAAG","2"
"AGGTCATTCTGAGGGA","0"
"AGGTCATTCTTTAGTC","1"
"AGGTCCGAGAACAACT","1"
"AGGTCCGCACGACTCG","0"
"AGGTCCGCACGTGAGA","4"
"AGGTCCGCAGATCTGT","1"
"AGGTCCGGTCCCTTGT","1"
"AGGTCCGGTCTAGCCG","2"
"AGGTCCGTCCGTCAAA","2"
"AGGTCCGTCGCATGGC","3"
"AGGTCCGTCGCCTGAG","0"
"AGGTCCGTCTTGACGA","0"
"AGTAGTCAGAAACGAG","2"
"AGTAGTCAGAATAGGG","1"
"AGTAGTCCAGTACACT","0"
"AGTAGTCCATCCCACT","2"
"AGTAGTCCATTTCACT","1"
"AGTAGTCTCCAGATCA","0"
"AGTCTTTAGTTGAGTA","2"
"AGTCTTTCACTTCTGC","2"
"AGTCTTTCAGGTGGAT","0"
"AGTCTTTCATCACGTA","0"
"AGTCTTTGTGAGTATA","0"
"AGTCTTTGTTATCACG","0"
"AGTCTTTGTTGGAGGT","0"
"AGTCTTTTCCAGTAGT","0"
"AGTCTTTTCGCGTAGC","2"
"AGTGAGGAGTACGTAA","0"
"AGTGAGGAGTAGCGGT","0"
"AGTGAGGCAGACAAAT","4"
"AGTGAGGCAGCCTGTG","0"
"AGTGAGGCATCGACGC","0"
"AGTGAGGGTAGGCATG","0"
"AGTGAGGGTCGCGTGT","2"
"AGTGAGGGTCTAGGTT","2"
"AGTGAGGGTGTTGGGA","0"
"AGTGAGGGTTATCACG","3"
"AGTGAGGGTTCGGGCT","2"
"AGTGAGGTCTTCAACT","0"
"AGTGGGAAGATATGGT","2"
"AGTGGGAAGCTCCCAG","0"
"AGTGGGAAGGACACCA","0"
"AGTGGGAAGGTGCTTT","2"
"AGTGGGAGTAGCGTGA","1"
"AGTGGGATCCAGTAGT","0"
"AGTGTCAAGGCTAGCA","1"
"AGTGTCAGTAGAGGAA","0"
"AGTGTCAGTGGCAAAC","5"
"AGTGTCATCGCGCCAA","0"
"AGTGTCATCTGTCAAG","0"
"AGTTGGTAGCCATCGC","6"
"AGTTGGTAGTAACCCT","0"
"AGTTGGTCAAGCTGAG","2"
"AGTTGGTCACAACTGT","0"
"AGTTGGTCACACATGT","0"
"AGTTGGTCAGGAATCG","3"
"AGTTGGTCATCGGAAG","2"
"AGTTGGTGTCCTCTTG","2"
"AGTTGGTGTGTTCGAT","2"
"AGTTGGTGTGTTCTTT","0"
"AGTTGGTGTTCTGGTA","4"
"ATAACGCAGCTGGAAC","1"
"ATAACGCAGGATCGCA","3"
"ATAACGCCACATGTGT","0"
"ATAACGCGTAGCGTAG","1"
"ATAACGCGTAGCTCCG","1"
"ATAACGCGTATGAATG","2"
"ATAACGCTCGAGAACG","0"
"ATAACGCTCTACGAGT","0"
"ATAAGAGAGCCGCCTA","3"
"ATAAGAGAGTCTCGGC","6"
"ATAAGAGCACTACAGT","1"
"ATAAGAGCAGTGGAGT","0"
"ATAAGAGCATCCTAGA","2"
"ATAAGAGGTCCGAGTC","2"
"ATAAGAGGTCTAAAGA","1"
"ATAAGAGGTTATCCGA","5"
"ATAAGAGTCTCTAGGA","0"
"ATAGACCAGACAGACC","6"
"ATAGACCAGCATGGCA","1"
"ATAGACCAGCTAACTC","0"
"ATAGACCAGTTGCAGG","1"
"ATAGACCGTCCAAGTT","5"
"ATAGACCTCGGTCCGA","0"
"ATAGACCTCTGATTCT","2"
"ATCACGAAGGCTAGAC","1"
"ATCACGACAAGGCTCC","1"
"ATCACGACATAGGATA","0"
"ATCACGAGTACGCTGC","3"
"ATCACGATCGAATGCT","0"
"ATCATCTAGTTCGCAT","2"
"ATCATCTGTAAGGATT","0"
"ATCATCTGTACTTCTT","2"
"ATCATCTTCACGAAGG","0"
"ATCATCTTCCTCTAGC","0"
"ATCATGGAGAATAGGG","6"
"ATCATGGAGTTCGATC","1"
"ATCATGGAGTTTCCTT","1"
"ATCATGGCAAGGTGTG","6"
"ATCATGGCATTGGCGC","1"
"ATCATGGGTAACGCGA","1"
"ATCATGGGTACCGGCT","4"
"ATCATGGGTCCGAAGA","1"
"ATCATGGGTGGTCCGT","0"
"ATCATGGGTTCGCGAC","3"
"ATCATGGGTTCGGGCT","0"
"ATCATGGTCAAAGACA","1"
"ATCATGGTCTGCTGTC","0"
"ATCCACCAGATGCGAC","0"
"ATCCACCAGCCAGGAT","1"
"ATCCACCAGGATGTAT","0"
"ATCCACCAGGGCTCTC","0"
"ATCCACCCAATCGGTT","1"
"ATCCACCGTCAGCTAT","0"
"ATCCACCGTCTCCACT","5"
"ATCCACCTCCGCATCT","2"
"ATCCGAAAGAATTCCC","0"
"ATCCGAAAGATCGGGT","0"
"ATCCGAAAGGGATGGG","0"
"ATCCGAACAATACGCT","0"
"ATCCGAACAGTCCTTC","0"
"ATCCGAACATAGAAAC","0"
"ATCGAGTAGCCACGCT","0"
"ATCGAGTAGGAATTAC","0"
"ATCGAGTAGTTAAGTG","0"
"ATCGAGTCAAAGTCAA","2"
"ATCGAGTCACGGTAAG","0"
"ATCGAGTGTTCTGAAC","1"
"ATCGAGTTCCGGCACA","6"
"ATCTACTAGCTCCCAG","0"
"ATCTACTAGTCACGCC","0"
"ATCTACTCAAGGTTCT","2"
"ATCTACTCAGATTGCT","0"
"ATCTACTCAGGCGATA","0"
"ATCTACTCAGGTGCCT","0"
"ATCTACTCATATACGC","0"
"ATCTACTCATGCGCAC","0"
"ATCTACTGTAGGGTAC","2"
"ATCTACTGTTACGCGC","2"
"ATCTACTTCAGTTGAC","0"
"ATCTACTTCGCCTGAG","0"
"ATCTGCCAGCTTCGCG","0"
"ATCTGCCAGTACTTGC","0"
"ATCTGCCCATACTCTT","0"
"ATCTGCCGTGAGTATA","0"
"ATCTGCCGTTCCAACA","2"
"ATCTGCCTCACATACG","2"
"ATCTGCCTCACATGCA","1"
"ATCTGCCTCAGGCGAA","1"
"ATCTGCCTCCTTGACC","0"
"ATCTGCCTCTATCCTA","2"
"ATCTGCCTCTCATTCA","2"
"ATGAGGGAGGACAGCT","1"
"ATGAGGGAGTGCGTGA","1"
"ATGAGGGCAATAAGCA","0"
"ATGAGGGCATTCCTCG","3"
"ATGAGGGCATTTGCCC","2"
"ATGAGGGGTCGGCATC","0"
"ATGAGGGTCAACTCTT","0"
"ATGAGGGTCATCATTC","0"
"ATGAGGGTCTCTAAGG","0"
"ATGAGGGTCTGAGGGA","2"
"ATGCGATAGAGGTAGA","1"
"ATGCGATAGTATCGAA","5"
"ATGCGATGTATGCTTG","4"
"ATGCGATGTTGAGGTG","0"
"ATGCGATTCAATACCG","3"
"ATGGGAGCAATCAGAA","0"
"ATGGGAGCACCCTATC","1"
"ATGGGAGGTCTTGTCC","0"
"ATGGGAGGTGAAAGAG","1"
"ATGGGAGGTGCGAAAC","0"
"ATGGGAGGTTGCCTCT","1"
"ATGGGAGGTTTGACTG","0"
"ATGTGTGAGGCGCTCT","0"
"ATGTGTGCACTTCGAA","0"
"ATGTGTGGTACAGCAG","2"
"ATGTGTGGTCCGAACC","0"
"ATGTGTGGTTCTCATT","1"
"ATGTGTGGTTTCCACC","0"
"ATGTGTGTCCAACCAA","0"
"ATGTGTGTCCGTTGCT","1"
"ATTACTCAGCCCAACC","2"
"ATTACTCAGGGCTTCC","0"
"ATTACTCCAAAGTCAA","2"
"ATTACTCCACAGGCCT","1"
"ATTACTCCACGAAAGC","3"
"ATTACTCCACTTAAGC","1"
"ATTACTCTCTCGCATC","4"
"ATTACTCTCTGGTATG","0"
"ATTATCCAGAGACGAA","0"
"ATTATCCAGTTCGCGC","6"
"ATTATCCCACTGAAGG","0"
"ATTATCCGTAACGTTC","4"
"ATTATCCGTGCAACGA","1"
"ATTATCCGTGCGATAG","2"
"ATTATCCGTTTACTCT","0"
"ATTATCCTCATTTGGG","0"
"ATTATCCTCGGAAATA","1"
"ATTATCCTCGTCCAGG","0"
"ATTCTACAGACGCACA","1"
"ATTCTACAGAGGGCTT","0"
"ATTCTACAGCAATCTC","0"
"ATTCTACAGGACAGAA","0"
"ATTCTACCACAGTCGC","2"
"ATTCTACGTAAGGGCT","2"
"ATTCTACGTCCATCCT","1"
"ATTCTACGTGTGACCC","0"
"ATTCTACTCCAAATGC","0"
"ATTCTACTCCAGATCA","1"
"ATTCTACTCGCCATAA","0"
"ATTGGACAGGTTCCTA","4"
"ATTGGACCAAGCGAGT","1"
"ATTGGACCAGGAATGC","0"
"ATTGGACGTGACTACT","2"
"ATTGGACGTGATAAGT","1"
"ATTGGACTCAGAAATG","2"
"ATTGGACTCAGTACGT","3"
"ATTGGACTCAGTTGAC","2"
"ATTGGACTCCATTCTA","0"
"ATTGGACTCCGCTGTT","1"
"ATTGGACTCTTGCAAG","0"
"ATTGGTGAGGATGGTC","0"
"ATTGGTGAGGGCATGT","4"
"ATTGGTGAGGTGTGGT","2"
"ATTGGTGAGTACGCGA","0"
"ATTGGTGAGTTCGCAT","2"
"ATTGGTGCATATACGC","2"
"ATTGGTGCATCGATGT","0"
"ATTGGTGGTAACGCGA","1"
"ATTTCTGAGGAGCGTT","0"
"ATTTCTGCAAGCGATG","0"
"ATTTCTGCACCAACCG","0"
"ATTTCTGCACGGTAAG","0"
"ATTTCTGCATCCAACA","2"
"ATTTCTGCATGGATGG","0"
"ATTTCTGTCAGGTTCA","2"
"ATTTCTGTCCCAACGG","0"
"ATTTCTGTCCCAAGAT","0"
"ATTTCTGTCCCTAATT","0"
"ATTTCTGTCTTGGGTA","1"
"CAACCAAAGAAGGACA","3"
"CAACCAAAGGCCGAAT","0"
"CAACCAACAGGACCCT","2"
"CAACCAACAGGATTGG","0"
"CAACCAAGTAGAAAGG","1"
"CAACCAAGTAGCGCTC","0"
"CAACCAAGTAGCGTAG","2"
"CAACCAAGTCCAGTGC","0"
"CAACCAAGTCCTGCTT","0"
"CAACCAAGTGATGTCT","2"
"CAACCTCAGACGCACA","0"
"CAACCTCAGGGTCTCC","2"
"CAACCTCAGTGGAGTC","1"
"CAACCTCAGTTACGGG","0"
"CAACCTCCAAACCTAC","3"
"CAACCTCCATGCCTAA","4"
"CAACCTCCATGGTTGT","0"
"CAACCTCGTACGAAAT","1"
"CAACCTCGTCAACATC","0"
"CAACCTCGTCACTGGC","0"
"CAACCTCTCGCATGAT","1"
"CAACCTCTCTACTTAC","1"
"CAACTAGCAATGAATG","0"
"CAACTAGGTTGAACTC","0"
"CAAGAAAAGAAGGACA","5"
"CAAGAAACAAGTAGTA","0"
"CAAGAAACATAGTAAG","1"
"CAAGAAAGTAACGCGA","1"
"CAAGAAATCCTGTAGA","0"
"CAAGATCAGAGAACAG","0"
"CAAGATCAGCTAAACA","0"
"CAAGATCAGTGTGGCA","6"
"CAAGATCCAAGACGTG","0"
"CAAGATCCAATCCAAC","1"
"CAAGATCCAGACAAAT","1"
"CAAGATCGTACAAGTA","0"
"CAAGATCGTCGAATCT","0"
"CAAGATCGTCTTGCGG","0"
"CAAGATCGTTACCGAT","4"
"CAAGATCTCTTAACCT","0"
"CAAGGCCAGATAGGAG","3"
"CAAGGCCCAAGTTGTC","0"
"CAAGGCCCAGCGTCCA","4"
"CAAGGCCGTAGAAGGA","1"
"CAAGGCCGTCCAACTA","0"
"CAAGGCCGTCCCTACT","0"
"CAAGGCCGTTCTGAAC","0"
"CAAGGCCTCACAACGT","1"
"CAAGGCCTCTTAGAGC","2"
"CAAGTTGAGAAACCGC","1"
"CAAGTTGAGACAATAC","5"
"CAAGTTGAGATAGTCA","0"
"CAAGTTGAGCCAGGAT","1"
"CAAGTTGAGTTACGGG","3"
"CAAGTTGCACCGTTGG","0"
"CAAGTTGGTCAACATC","1"
"CAAGTTGGTTACGGAG","0"
"CAAGTTGTCAAACCAC","4"
"CACAAACAGCACCGTC","0"
"CACAAACAGCAGGCTA","0"
"CACAAACCAAGCCCAC","2"
"CACAAACCAAGCTGTT","2"
"CACAAACGTCTTGATG","0"
"CACAAACGTGGACGAT","0"
"CACAAACGTTGATTCG","0"
"CACAAACTCTAGAGTC","0"
"CACACAAAGATCCCGC","0"
"CACACAACAATAAGCA","0"
"CACACAACACCTATCC","0"
"CACACAACATTACGAC","0"
"CACACAAGTAAGAGAG","1"
"CACACAAGTCAGTGGA","0"
"CACACAAGTCTTGTCC","1"
"CACACAAGTGGTGTAG","2"
"CACACAATCACAACGT","2"
"CACACAATCACCCTCA","2"
"CACACAATCCAAACAC","0"
"CACACAATCGCGTTTC","0"
"CACACCTAGAAGGCCT","0"
"CACACCTAGACCACGA","1"
"CACACCTAGGCCCTCA","3"
"CACACCTAGGGTGTGT","4"
"CACACCTCACAACGCC","0"
"CACACCTCACAACTGT","0"
"CACACCTTCTGCGGCA","0"
"CACACTCCAATGAATG","2"
"CACACTCCATATACGC","1"
"CACACTCGTGCACCAC","3"
"CACACTCGTTACGACT","2"
"CACAGGCAGAGACTAT","0"
"CACAGGCAGATGTGGC","4"
"CACAGGCAGCCCGAAA","1"
"CACAGGCAGCCGTCGT","2"
"CACAGGCAGTACGATA","1"
"CACAGGCCAAAGTGCG","3"
"CACAGGCCACCGCTAG","0"
"CACAGGCCATACTCTT","2"
"CACAGGCCATGACGGA","0"
"CACAGGCGTCGCTTCT","0"
"CACAGGCGTCTAGGTT","1"
"CACAGGCGTGTCAATC","2"
"CACAGGCGTGTCCTCT","5"
"CACAGGCGTTCCCTTG","4"
"CACAGGCTCCCGGATG","0"
"CACAGGCTCCGAACGC","1"
"CACAGGCTCTTGAGAC","4"
"CACAGGCTCTTTCCTC","0"
"CACAGTACACGAAGCA","1"
"CACAGTACAGGCTGAA","2"
"CACAGTAGTGGCAAAC","0"
"CACAGTATCTCCCTGA","3"
"CACATAGAGACCCACC","2"
"CACATAGCATAGTAAG","2"
"CACATAGCATATGCTG","1"
"CACATAGGTATCACCA","0"
"CACATAGTCTAACCGA","0"
"CACATAGTCTTCAACT","1"
"CACATTTAGACGCAAC","0"
"CACATTTAGCACCGCT","0"
"CACATTTAGTGGACGT","3"
"CACATTTCATTGAGCT","5"
"CACATTTGTTCAACCA","1"
"CACCACTAGCTCAACT","0"
"CACCACTAGTCGTTTG","0"
"CACCACTCACTAGTAC","1"
"CACCACTCAGCTCGCA","1"
"CACCACTGTAATCACC","1"
"CACCACTGTATTAGCC","6"
"CACCACTGTGTGAATA","0"
"CACCACTGTTCGTGAT","1"
"CACCACTTCGAACGGA","2"
"CACCACTTCTTGAGAC","2"
"CACCAGGAGCGCTTAT","0"
"CACCAGGCACGACGAA","2"
"CACCAGGCATTGAGCT","1"
"CACCAGGGTACAGTTC","0"
"CACCAGGGTTACGCGC","2"
"CACCAGGTCAGTCCCT","3"
"CACCAGGTCGCCGTGA","0"
"CACCAGGTCTACTTAC","0"
"CACCTTGAGAGTAATC","0"
"CACCTTGCAAGAAAGG","1"
"CACCTTGCAAGTCTGT","3"
"CACCTTGCAGCTGTTA","0"
"CACCTTGGTAGCTTGT","3"
"CACCTTGGTGTAAGTA","1"
"CACCTTGTCGCAGGCT","1"
"CACTCCAAGACATAAC","3"
"CACTCCAAGACCCACC","0"
"CACTCCAAGGTTCCTA","6"
"CACTCCACAAGGACTG","5"
"CACTCCACAATAGCAA","2"
"CACTCCACACGAAACG","0"
"CACTCCAGTCTAGCGC","0"
"CACTCCATCGGCTTGG","0"
"CACTCCATCTTCATGT","2"
"CAGAATCAGAGCCTAG","1"
"CAGAATCAGCCGCCTA","1"
"CAGAATCAGCGAAGGG","0"
"CAGAATCAGCTATGCT","0"
"CAGAATCAGTTAGGTA","1"
"CAGAATCCAATAAGCA","3"
"CAGAATCCAGCCTGTG","0"
"CAGAATCCAGGGATTG","0"
"CAGAATCCATGGGACA","3"
"CAGAATCGTGCTGTAT","0"
"CAGAATCTCCTTGCCA","0"
"CAGAATCTCGCTTGTC","2"
"CAGAATCTCTATCCCG","0"
"CAGAGAGAGACCTAGG","0"
"CAGAGAGAGCATCATC","2"
"CAGAGAGAGTCCTCCT","0"
"CAGAGAGCAGACAGGT","1"
"CAGAGAGGTATGCTTG","0"
"CAGAGAGTCAACCAAC","0"
"CAGAGAGTCTCGATGA","0"
"CAGAGAGTCTCTTATG","1"
"CAGATCAAGAAGGCCT","0"
"CAGATCAAGAGTACCG","0"
"CAGATCAAGCAGGCTA","2"
"CAGATCAAGCTGCAAG","3"
"CAGATCAAGGAGTTGC","3"
"CAGATCAGTTCCCTTG","0"
"CAGATCATCGAGAGCA","3"
"CAGATCATCTCGTTTA","5"
"CAGCAGCAGGGCTCTC","2"
"CAGCAGCAGTACGACG","0"
"CAGCAGCCAGTATAAG","2"
"CAGCAGCGTCTAGCCG","0"
"CAGCAGCGTGTAACGG","3"
"CAGCAGCGTTGCCTCT","0"
"CAGCAGCTCTCCAACC","3"
"CAGCATAAGAGTAATC","0"
"CAGCATACAAATCCGT","5"
"CAGCATACAACGATGG","2"
"CAGCATAGTAGCCTAT","0"
"CAGCATAGTCAGCTAT","3"
"CAGCATAGTGACGGTA","0"
"CAGCATAGTGTCGCTG","2"
"CAGCATAGTTCGGCAC","1"
"CAGCATATCATGCTCC","2"
"CAGCATATCTTATCTG","2"
"CAGCCGAAGCTGAAAT","1"
"CAGCCGATCTTGCAAG","0"
"CAGCGACAGCCACTAT","1"
"CAGCGACCATACGCCG","3"
"CAGCGACCATGCAACT","3"
"CAGCGACGTTGTCGCG","0"
"CAGCTAAAGAATCTCC","0"
"CAGCTAAAGCCCTAAT","2"
"CAGCTAACAAGGACAC","1"
"CAGCTAACACGCATCG","1"
"CAGCTAAGTATATGGA","3"
"CAGCTAAGTGATGCCC","1"
"CAGCTAAGTTACCAGT","0"
"CAGCTGGAGAGTCGGT","1"
"CAGCTGGAGATAGTCA","0"
"CAGCTGGAGTAGGTGC","0"
"CAGCTGGCATGCAACT","2"
"CAGCTGGCATGGGAAC","3"
"CAGCTGGCATTCCTGC","1"
"CAGCTGGGTTGTCTTT","0"
"CAGCTGGTCGAATGGG","2"
"CAGCTGGTCTGTTGAG","0"
"CAGGTGCAGTACACCT","1"
"CAGGTGCAGTAGCGGT","6"
"CAGGTGCAGTATTGGA","0"
"CAGGTGCCAAAGTCAA","3"
"CAGGTGCCAATACGCT","0"
"CAGGTGCCAGCTGTAT","0"
"CAGGTGCGTCCAAGTT","4"
"CAGGTGCGTCTCACCT","6"
"CAGGTGCGTTGGGACA","0"
"CAGGTGCTCGCAAGCC","5"
"CAGGTGCTCTACTTAC","1"
"CAGGTGCTCTTTACGT","0"
"CAGTAACAGGGCACTA","2"
"CAGTAACAGTCTCCTC","0"
"CAGTAACCACTCGACG","0"
"CAGTAACCAGCGAACA","0"
"CAGTAACCAGGACCCT","2"
"CAGTAACGTAATCGTC","3"
"CAGTAACGTCTAGTGT","0"
"CAGTAACGTGAGGGAG","3"
"CAGTCCTAGATTACCC","0"
"CAGTCCTAGGGTTCCC","0"
"CATATGGCACCCAGTG","3"
"CATATGGCAGTCACTA","2"
"CATATGGCATCCGTGG","1"
"CATATGGCATGCAACT","0"
"CATATGGTCGGCCGAT","1"
"CATATGGTCTCTGTCG","1"
"CATATTCAGGACCACA","0"
"CATATTCCAAGCTGGA","2"
"CATATTCCACCCATGG","3"
"CATATTCGTCTCTTTA","2"
"CATATTCGTGATAAGT","1"
"CATATTCGTGTTGAGG","4"
"CATATTCGTTACCAGT","1"
"CATATTCGTTTAGCTG","4"
"CATCAAGAGTCGTACT","2"
"CATCAAGCACGGTAAG","0"
"CATCAAGGTATCTGCA","0"
"CATCAAGGTCTGCGGT","3"
"CATCAAGGTTATCGGT","0"
"CATCAAGTCCTGTACC","0"
"CATCAAGTCTATCGCC","2"
"CATCAAGTCTGATTCT","2"
"CATCAGAAGCTGCAAG","1"
"CATCAGAAGGCGATAC","0"
"CATCAGAAGGCGCTCT","2"
"CATCAGAAGGTGTTAA","0"
"CATCAGAGTAATAGCA","6"
"CATCAGAGTTAGAACA","0"
"CATCAGATCACGATGT","1"
"CATCAGATCCTATTCA","0"
"CATCCACAGCAGGTCA","1"
"CATCCACCACCAACCG","0"
"CATCCACCAGTAACGG","2"
"CATCCACCATGCCTTC","0"
"CATCCACGTCTCTTAT","2"
"CATCCACGTGCAGTAG","1"
"CATCCACTCACCGTAA","0"
"CATCCACTCGACAGCC","2"
"CATCCACTCTACGAGT","0"
"CATCGAAAGAGTAATC","1"
"CATCGAAAGCTGATAA","1"
"CATCGAAAGTGAAGTT","3"
"CATCGAACAAGTACCT","0"
"CATCGAACATACAGCT","0"
"CATCGAACATGGGACA","0"
"CATCGAATCGCCAGCA","4"
"CATCGGGAGAGGGCTT","1"
"CATCGGGAGCCGGTAA","0"
"CATCGGGAGCGTCTAT","0"
"CATCGGGCACGACGAA","1"
"CATCGGGGTCGGCACT","1"
"CATCGGGTCATGTGGT","0"
"CATCGGGTCGGAGGTA","0"
"CATGACAAGAAGGGTA","2"
"CATGACAAGTGTTGAA","2"
"CATGACACATCGATTG","2"
"CATGACAGTCATATGC","4"
"CATGACATCAACGGGA","3"
"CATGACATCGGTCCGA","0"
"CATGACATCGGTCTAA","2"
"CATGACATCGTCTGAA","0"
"CATGACATCGTTTATC","0"
"CATGCCTAGCGTCAAG","1"
"CATGCCTAGGATGTAT","0"
"CATGCCTAGGGTGTTG","0"
"CATGCCTAGTTAAGTG","4"
"CATGCCTGTCTGCAAT","0"
"CATGCCTGTGCACGAA","2"
"CATGCCTTCGCATGAT","0"
"CATGGCGAGACTTTCG","0"
"CATGGCGCAAAGAATC","0"
"CATGGCGCAGCTGTGC","2"
"CATGGCGTCATAACCG","4"
"CATTATCAGAACAATC","4"
"CATTATCAGAGCTTCT","2"
"CATTATCAGATGGGTC","3"
"CATTATCAGGCAGGTT","2"
"CATTATCCAATGGATA","0"
"CATTATCCACGGTAGA","1"
"CATTATCCAGCTGCTG","0"
"CATTATCCATAAGACA","0"
"CATTATCGTACAGACG","0"
"CATTATCGTCTAAACC","0"
"CATTATCTCGTCCGTT","1"
"CATTATCTCTTGAGGT","0"
"CATTCGCAGAACTCGG","0"
"CATTCGCAGAGCTTCT","0"
"CATTCGCAGTGATCGG","0"
"CATTCGCCATGCGCAC","0"
"CATTCGCGTAGAGTGC","2"
"CATTCGCGTGAGGCTA","2"
"CATTCGCGTGGGTATG","0"
"CATTCGCTCGCAAACT","1"
"CATTCGCTCGGAGGTA","0"
"CCAATCCAGACTACAA","0"
"CCAATCCAGCTTATCG","1"
"CCAATCCAGGGTATCG","1"
"CCAATCCCACGTCAGC","0"
"CCAATCCGTCTAGTGT","0"
"CCAATCCGTTGGTAAA","0"
"CCAATCCTCAGTTAGC","2"
"CCAATCCTCCAAGTAC","1"
"CCAATCCTCTGAGTGT","2"
"CCACCTAAGATCCCAT","3"
"CCACCTACAAACGCGA","0"
"CCACCTACACCGCTAG","0"
"CCACCTACAGGGCATA","2"
"CCACCTACATGCGCAC","1"
"CCACCTAGTGGCTCCA","0"
"CCACCTATCAACCATG","6"
"CCACCTATCAGTCAGT","0"
"CCACCTATCGAATCCA","0"
"CCACCTATCTTGTACT","3"
"CCACGGAAGCGAAGGG","0"
"CCACGGACAAGCGCTC","1"
"CCACGGACAAGTAATG","0"
"CCACGGACAGACAAGC","2"
"CCACGGACAGCCAGAA","2"
"CCACGGACAGCTATTG","0"
"CCACGGACAGGGCATA","0"
"CCACGGATCTGGCGTG","5"
"CCACTACAGCAGCCTC","1"
"CCACTACGTAGCGTAG","3"
"CCACTACGTGGCTCCA","0"
"CCACTACGTTAGAACA","3"
"CCACTACTCAAAGTAG","2"
"CCACTACTCACCCTCA","3"
"CCACTACTCCGCGCAA","2"
"CCAGCGAAGCTAGTGG","0"
"CCAGCGAAGCTCCTCT","2"
"CCAGCGACAGGCGATA","2"
"CCAGCGACATTGGCGC","1"
"CCAGCGAGTTCGAATC","2"
"CCATGTCAGCGATGAC","5"
"CCATGTCAGCGTAATA","1"
"CCATGTCAGGTGACCA","2"
"CCATGTCGTGTCCTCT","2"
"CCATGTCTCAGGTTCA","3"
"CCATGTCTCGTCCGTT","2"
"CCATGTCTCGTCTGAA","1"
"CCATGTCTCTCCAGGG","0"
"CCATTCGAGCGATATA","0"
"CCATTCGAGTGTTGAA","0"
"CCATTCGCAAGCTGGA","2"
"CCATTCGCAGCCTTTC","2"
"CCATTCGGTACTCAAC","1"
"CCATTCGGTATATGAG","1"
"CCATTCGGTCGAATCT","3"
"CCATTCGTCAGATAAG","0"
"CCATTCGTCTCGATGA","0"
"CCCAATCAGATAGGAG","0"
"CCCAATCAGGATGGAA","0"
"CCCAATCCACCAACCG","1"
"CCCAATCCACCCAGTG","1"
"CCCAATCCACGAAACG","3"
"CCCAATCTCCTAAGTG","6"
"CCCAGTTAGAAGGACA","0"
"CCCAGTTAGCCGGTAA","3"
"CCCAGTTAGTTGTCGT","2"
"CCCAGTTCACGCCAGT","1"
"CCCAGTTCAGTATAAG","0"
"CCCAGTTGTAACGTTC","0"
"CCCAGTTGTTTGTTTC","4"
"CCCAGTTTCCCAAGTA","0"
"CCCAGTTTCTTACCTA","1"
"CCCATACAGCTTATCG","0"
"CCCATACAGTACGCCC","0"
"CCCATACAGTCATGCT","0"
"CCCATACCAAGTTGTC","1"
"CCCATACCATCTGGTA","0"
"CCCATACGTAAATACG","0"
"CCCATACGTAAGGGAA","0"
"CCCATACGTGGCCCTA","1"
"CCCATACTCAATAAGG","3"
"CCCATACTCACTTCAT","2"
"CCCTCCTAGAATGTTG","2"
"CCCTCCTAGGCAAAGA","1"
"CCCTCCTAGGTTACCT","0"
"CCCTCCTTCACGCGGT","1"
"CCCTCCTTCACTATTC","1"
"CCCTCCTTCAGTGTTG","0"
"CCCTCCTTCCAACCAA","2"
"CCCTCCTTCGGTTCGG","1"
"CCCTCCTTCTCTGCTG","0"
"CCGGGATAGGGATCTG","0"
"CCGGGATGTCACTGGC","0"
"CCGGGATGTCGCGGTT","0"
"CCGGGATTCAGCTCTC","2"
"CCGGTAGAGCTAACTC","0"
"CCGGTAGAGTCCCACG","2"
"CCGGTAGAGTTAGCGG","0"
"CCGGTAGCACATTTCT","0"
"CCGGTAGCAGATGAGC","0"
"CCGGTAGCATCGACGC","3"
"CCGGTAGGTCCATGAT","3"
"CCGGTAGGTGATGTGG","1"
"CCGGTAGTCGTAGGAG","2"
"CCGTACTAGAAGCCCA","2"
"CCGTACTAGGTGATTA","1"
"CCGTACTAGTGTTTGC","2"
"CCGTACTCAAAGGCGT","0"
"CCGTACTCACTTAAGC","0"
"CCGTACTCATCCCATC","0"
"CCGTACTGTCTGCGGT","0"
"CCGTACTGTGTGAATA","1"
"CCGTACTGTGTTAAGA","1"
"CCGTACTTCAATACCG","2"
"CCGTACTTCGATAGAA","3"
"CCGTGGAAGAATGTGT","2"
"CCGTGGACAAATTGCC","0"
"CCGTGGACATGACATC","1"
"CCGTGGAGTCACTTCC","0"
"CCGTGGAGTCTAGCGC","1"
"CCGTGGATCTGATACG","3"
"CCGTTCAAGAGGTTGC","0"
"CCGTTCAAGATGTGTA","0"
"CCGTTCAAGGTAGCCA","0"
"CCGTTCAAGTTAGCGG","0"
"CCGTTCACATGCAATC","3"
"CCGTTCACATGGATGG","1"
"CCTAAAGAGAGTAAGG","1"
"CCTAAAGAGCACCGCT","1"
"CCTAAAGCATCAGTAC","5"
"CCTAAAGGTGCTCTTC","3"
"CCTAAAGTCATTGCCC","6"
"CCTAAAGTCGCAGGCT","3"
"CCTAAAGTCTCAACTT","0"
"CCTACACAGCTACCGC","0"
"CCTACACAGCTAGTCT","0"
"CCTACACAGTGTCCCG","1"
"CCTACACCAAGCGTAG","3"
"CCTACACGTCCTAGCG","3"
"CCTACACGTGACAAAT","2"
"CCTACACTCCTATTCA","2"
"CCTACACTCGCCTGAG","2"
"CCTACCACAGACACTT","0"
"CCTACCACAGAGTGTG","3"
"CCTAGCTAGAAGGACA","0"
"CCTAGCTAGCCCGAAA","0"
"CCTAGCTAGGCTAGGT","0"
"CCTAGCTCACGTAAGG","2"
"CCTAGCTCAGCCTGTG","2"
"CCTAGCTCAGGTGCCT","0"
"CCTAGCTGTAAAGTCA","2"
"CCTAGCTTCAACGGCC","2"
"CCTAGCTTCAATACCG","0"
"CCTAGCTTCATGTAGC","0"
"CCTATTAAGAACTGTA","1"
"CCTATTAAGCCAGAAC","0"
"CCTATTAAGGGATACC","0"
"CCTATTAAGGGTATCG","2"
"CCTATTACATGGGAAC","5"
"CCTATTAGTCAACTGT","0"
"CCTATTATCAGCAACT","0"
"CCTATTATCATCTGCC","2"
"CCTATTATCTATCGCC","0"
"CCTCAGTCACACCGCA","5"
"CCTCAGTCAGAAGCAC","0"
"CCTCAGTCAGCATACT","0"
"CCTCAGTGTTCCGTCT","0"
"CCTCAGTTCAGAGCTT","0"
"CCTCAGTTCATACGGT","0"
"CCTCAGTTCCAAGTAC","1"
"CCTCAGTTCCATGAGT","3"
"CCTCTGACAATGGACG","0"
"CCTCTGAGTCCTCTTG","0"
"CCTCTGAGTTCCACTC","0"
"CCTTACGAGCGTGAAC","2"
"CCTTACGAGGTACTCT","0"
"CCTTACGCAAGCTGAG","0"
"CCTTACGCATGTAGTC","2"
"CCTTACGGTCACCTAA","2"
"CCTTACGGTGCTTCTC","2"
"CCTTACGTCCAAATGC","3"
"CCTTACGTCCTTGACC","0"
"CCTTCCCAGGTGCAAC","6"
"CCTTCCCAGTTTGCGT","1"
"CCTTCCCCACGAAATA","0"
"CCTTCCCCATATACCG","0"
"CCTTCCCCATGGTCAT","3"
"CCTTCCCGTCACTTCC","2"
"CCTTCCCGTGACCAAG","3"
"CCTTCCCGTTCGTGAT","0"
"CCTTCCCTCCGAATGT","0"
"CCTTCCCTCGTGGACC","1"
"CCTTCCCTCTATCGCC","2"
"CCTTCGAAGAAGGTGA","0"
"CCTTCGAAGCACCGTC","0"
"CCTTCGACAAGCTGTT","3"
"CCTTCGACAGTATGCT","0"
"CCTTCGAGTCGAGTTT","0"
"CCTTCGAGTCGGGTCT","5"
"CCTTCGAGTCTTCGTC","1"
"CCTTCGAGTGGCGAAT","3"
"CCTTTCTAGAGCCTAG","3"
"CCTTTCTAGTGCCATT","0"
"CCTTTCTCAAGCCGTC","3"
"CCTTTCTCAATCACAC","2"
"CCTTTCTCAGTTAACC","2"
"CCTTTCTGTCTTCGTC","2"
"CCTTTCTGTGGTACAG","0"
"CCTTTCTGTTCGCTAA","2"
"CCTTTCTTCATTATCC","0"
"CCTTTCTTCCGCGCAA","1"
"CCTTTCTTCGAACGGA","4"
"CCTTTCTTCTGCAGTA","2"
"CGAACATAGCGATCCC","2"
"CGAACATAGGCATTGG","4"
"CGAACATAGGTGTGGT","2"
"CGAACATCAAAGGCGT","1"
"CGAACATCACAGGAGT","0"
"CGAACATGTCCAGTGC","1"
"CGAACATGTGTAACGG","0"
"CGAACATTCGTCTGAA","0"
"CGAACATTCTCAAACG","0"
"CGAATGTAGAGACTTA","0"
"CGAATGTAGGACACCA","1"
"CGAATGTAGGAGTTTA","0"
"CGAATGTAGGGCTTGA","2"
"CGAATGTAGTATCGAA","1"
"CGAATGTGTATATCCG","2"
"CGAATGTGTTAAAGTG","2"
"CGAATGTGTTACAGAA","2"
"CGAATGTTCCCTAACC","0"
"CGAATGTTCTAACCGA","1"
"CGAATGTTCTCGATGA","1"
"CGACCTTAGCGTGTCC","1"
"CGACCTTAGCTAGTCT","4"
"CGACCTTGTCACTGGC","0"
"CGACCTTGTCCGACGT","0"
"CGACCTTTCTACTATC","2"
"CGACTTCAGCTCAACT","2"
"CGACTTCAGGTGCAAC","2"
"CGACTTCCAGTTCCCT","3"
"CGACTTCGTGAAAGAG","0"
"CGACTTCGTTCCACGG","1"
"CGACTTCGTTTGTGTG","5"
"CGACTTCTCAACTCTT","0"
"CGACTTCTCCTTGACC","2"
"CGACTTCTCTGAGGGA","0"
"CGACTTCTCTTGTTTG","0"
"CGAGAAGAGACCTAGG","0"
"CGAGAAGAGCACCGCT","0"
"CGAGAAGAGTGCCAGA","0"
"CGAGAAGCAATGAATG","6"
"CGAGAAGCACTGTTAG","0"
"CGAGAAGTCAGTTAGC","0"
"CGAGAAGTCGCATGGC","6"
"CGAGCACAGGAATCGC","0"
"CGAGCACAGTGGAGAA","0"
"CGAGCACCACATCTTT","3"
"CGAGCACCACGAGGTA","5"
"CGAGCACCATCACAAC","1"
"CGAGCACCATTGCGGC","0"
"CGAGCACGTGTAATGA","0"
"CGAGCACGTTACCAGT","6"
"CGAGCACTCCCTTGCA","2"
"CGAGCACTCCTGCTTG","2"
"CGAGCACTCTACTCAT","0"
"CGAGCACTCTCTGAGA","0"
"CGAGCCAAGAGCTTCT","1"
"CGAGCCACACTTCTGC","0"
"CGAGCCACATTCTCAT","1"
"CGAGCCAGTTCGTTGA","0"
"CGAGCCAGTTGAACTC","1"
"CGAGCCATCGCCCTTA","0"
"CGAGCCATCGTGACAT","1"
"CGATCGGAGATCTGCT","0"
"CGATCGGAGGTAAACT","2"
"CGATCGGCAAGCTGGA","2"
"CGATCGGGTACCGTAT","2"
"CGATCGGGTTTAGCTG","0"
"CGATCGGTCGGAATCT","2"
"CGATCGGTCTATCGCC","2"
"CGATGGCAGGACATTA","0"
"CGATGGCAGTGTGGCA","0"
"CGATGGCGTCCCGACA","2"
"CGATGGCGTCGGCATC","1"
"CGATGGCTCAATCACG","0"
"CGATGGCTCCCGGATG","2"
"CGATGGCTCTCATTCA","0"
"CGATGGCTCTTGCATT","3"
"CGATGTAAGACGCTTT","0"
"CGATGTAAGAGACTTA","2"
"CGATGTAAGGATGCGT","0"
"CGATGTACACATCCAA","0"
"CGATGTACAGATGGGT","1"
"CGATGTACAGCCACCA","4"
"CGATGTACATGCCCGA","0"
"CGATGTAGTCTGGAGA","0"
"CGATGTAGTGAAAGAG","0"
"CGATGTAGTTACCGAT","0"
"CGATGTAGTTGATTCG","0"
"CGATGTATCAAAGTAG","0"
"CGATGTATCACAATGC","0"
"CGATGTATCCCACTTG","0"
"CGATGTATCGCAAGCC","2"
"CGATTGAAGGCAGTCA","0"
"CGATTGAAGTGGGCTA","0"
"CGATTGACACATTCGA","0"
"CGATTGACATCATCCC","0"
"CGATTGAGTGCAACGA","1"
"CGATTGATCATAAAGG","2"
"CGATTGATCGGCTTGG","0"
"CGCCAAGAGAATTGTG","0"
"CGCCAAGCAAGTTGTC","0"
"CGCCAAGCAATGGACG","0"
"CGCCAAGGTCCGAATT","0"
"CGCCAAGGTCGGGTCT","2"
"CGCCAAGGTTGAGTTC","4"
"CGCGGTAAGAAAGTGG","0"
"CGCGGTAAGAATTCCC","3"
"CGCGGTAAGCCAACAG","5"
"CGCGGTAAGTCGTACT","0"
"CGCGGTACAAAGCGGT","2"
"CGCGGTACAGCCAGAA","0"
"CGCGGTACATAACCTG","1"
"CGCGGTACATCTATGG","2"
"CGCGGTATCAACACAC","0"
"CGCGGTATCTGTCTCG","2"
"CGCGTTTAGTGGTAGC","0"
"CGCGTTTCACCTTGTC","5"
"CGCGTTTCATTCCTGC","0"
"CGCGTTTCATTCTCAT","2"
"CGCGTTTGTCTACCTC","1"
"CGCGTTTGTCTCGTTC","0"
"CGCGTTTGTCTCTTTA","0"
"CGCGTTTGTGGCAAAC","1"
"CGCGTTTTCCTTTACA","0"
"CGCGTTTTCGACAGCC","3"
"CGCGTTTTCGTTTATC","0"
"CGCGTTTTCTTAGAGC","0"
"CGCTATCCAAGCCGCT","0"
"CGCTATCCAATGAAAC","0"
"CGCTATCCAATGGTCT","0"
"CGCTATCGTCAGTGGA","0"
"CGCTATCGTGCACGAA","0"
"CGCTATCTCAGGATCT","1"
"CGCTATCTCTGGTATG","2"
"CGCTGGAAGGAGCGAG","2"
"CGCTGGACAATCGGTT","2"
"CGCTGGACACCGAATT","0"
"CGCTGGAGTAAGGGCT","1"
"CGCTGGAGTCGACTAT","2"
"CGCTGGAGTCGTGGCT","0"
"CGCTTCAGTGCCTGGT","0"
"CGGACACAGACAATAC","3"
"CGGACACAGATGTAAC","2"
"CGGACACAGGTCGGAT","0"
"CGGACACAGTTTAGGA","2"
"CGGACACCAGGTGGAT","0"
"CGGACACGTATCTGCA","0"
"CGGACACGTGAAAGAG","0"
"CGGACACTCGATGAGG","0"
"CGGACACTCGTACCGG","1"
"CGGACACTCTGTCCGT","2"
"CGGACGTGTCCGCTGA","4"
"CGGACGTGTGTTTGTG","1"
"CGGACGTGTTATTCTC","0"
"CGGACGTGTTCCGGCA","3"
"CGGACGTGTTTAAGCC","0"
"CGGACGTTCACAGTAC","0"
"CGGACTGAGAGAGCTC","2"
"CGGACTGAGTTAACGA","1"
"CGGACTGCAACAACCT","1"
"CGGACTGCACTTACGA","0"
"CGGACTGTCCGTAGGC","0"
"CGGACTGTCGACCAGC","0"
"CGGACTGTCTCGCATC","3"
"CGGAGCTAGCGAGAAA","0"
"CGGAGCTAGCTCCTTC","0"
"CGGAGCTAGGGTATCG","2"
"CGGAGCTAGTCCCACG","0"
"CGGAGCTAGTCTCCTC","0"
"CGGAGCTAGTGCAAGC","0"
"CGGAGCTCAAATACAG","0"
"CGGAGCTCACAGTCGC","0"
"CGGAGCTCATTACCTT","2"
"CGGAGCTGTCGAAAGC","2"
"CGGAGCTGTGAGGGAG","0"
"CGGAGCTGTGAGTATA","2"
"CGGAGCTTCAAACCAC","3"
"CGGAGCTTCTTTCCTC","0"
"CGGAGTCAGAATCTCC","0"
"CGGAGTCAGCCAACAG","0"
"CGGAGTCAGCGATATA","2"
"CGGAGTCAGTGCTGCC","0"
"CGGAGTCAGTGTCCAT","0"
"CGGAGTCCAATGGAAT","2"
"CGGAGTCCACCAGATT","0"
"CGGAGTCCAGGAATCG","0"
"CGGAGTCCATCGATTG","5"
"CGGAGTCGTAGGGACT","0"
"CGGAGTCGTCCGAAGA","2"
"CGGAGTCGTGACTCAT","0"
"CGGAGTCGTTCCGGCA","0"
"CGGAGTCTCCGCAAGC","3"
"CGGCTAGAGAAACCAT","2"
"CGGCTAGAGTCATCCA","3"
"CGGCTAGAGTGAACAT","1"
"CGGCTAGCACATCTTT","2"
"CGGCTAGCATCGGTTA","3"
"CGGCTAGTCCTGCTTG","0"
"CGGCTAGTCGGAAATA","0"
"CGGCTAGTCTGGCGAC","0"
"CGGGTCAGTTACGCGC","0"
"CGGGTCAGTTCCACAA","0"
"CGGGTCAGTTCCCGAG","2"
"CGGGTCATCACCAGGC","4"
"CGGTTAAAGGTGCTAG","0"
"CGGTTAAAGTAGCCGA","5"
"CGGTTAACAGCCTTTC","2"
"CGGTTAACATACTCTT","0"
"CGGTTAAGTCGGCACT","2"
"CGGTTAATCCAGTATG","1"
"CGGTTAATCGCATGGC","2"
"CGGTTAATCGTAGGAG","0"
"CGGTTAATCTTTACAC","3"
"CGTAGCGCAAGAGGCT","0"
"CGTAGCGCACATTCGA","4"
"CGTAGCGGTAACGCGA","0"
"CGTAGCGGTCACTGGC","4"
"CGTAGCGGTCGAACAG","4"
"CGTAGCGGTGGTAACG","3"
"CGTAGCGGTTTGACAC","0"
"CGTAGGCAGTCCTCCT","6"
"CGTAGGCCATACCATG","2"
"CGTAGGCGTCAGAAGC","0"
"CGTAGGCGTCGGCACT","5"
"CGTAGGCGTTCATGGT","0"
"CGTAGGCTCAACGAAA","0"
"CGTAGGCTCACCGGGT","4"
"CGTCACTAGTGACATA","0"
"CGTCACTCACAAGCCC","0"
"CGTCACTCACCGCTAG","3"
"CGTCACTCACTGTGTA","0"
"CGTCACTGTGAACCTT","2"
"CGTCACTGTTTGTTTC","1"
"CGTCACTTCAACGAAA","1"
"CGTCACTTCATGGTCA","0"
"CGTCACTTCGGTGTCG","1"
"CGTCACTTCTACTCAT","0"
"CGTCACTTCTCGCTTG","0"
"CGTCAGGAGGGCTTGA","0"
"CGTCAGGCAATGGAGC","0"
"CGTCAGGCATGCAATC","0"
"CGTCAGGGTAAACGCG","0"
"CGTCCATAGCAATATG","0"
"CGTCCATAGTTTCCTT","0"
"CGTCCATCAGGATTGG","0"
"CGTCCATGTAGAAGGA","3"
"CGTCCATGTGATGTGG","0"
"CGTCCATTCCAAACTG","3"
"CGTCCATTCTGTTTGT","1"
"CGTCTACCAGACAAGC","0"
"CGTCTACCAGGTGGAT","0"
"CGTCTACGTCATACTG","0"
"CGTCTACTCCGAAGAG","1"
"CGTCTACTCGCAGGCT","0"
"CGTCTACTCGGTGTTA","1"
"CGTGAGCAGAGCAATT","4"
"CGTGAGCAGATGTCGG","4"
"CGTGAGCAGCCCAGCT","0"
"CGTGAGCCACCTATCC","0"
"CGTGAGCCAGATCGGA","4"
"CGTGAGCGTCAGATAA","0"
"CGTGAGCGTCCGAAGA","1"
"CGTGAGCTCAAACCAC","5"
"CGTGTAAAGCTACCGC","2"
"CGTGTAAAGTATTGGA","6"
"CGTGTAAAGTTCCACA","3"
"CGTGTAAAGTTCGCAT","4"
"CGTGTAATCAATAAGG","1"
"CGTGTAATCATACGGT","5"
"CGTGTAATCCCTAACC","4"
"CGTGTAATCTCTTATG","1"
"CGTGTCTAGAGAGCTC","0"
"CGTGTCTAGAGCCCAA","2"
"CGTGTCTAGGCAGTCA","2"
"CGTGTCTGTAGCTAAA","0"
"CGTGTCTGTGATAAGT","1"
"CGTGTCTTCAATCTCT","0"
"CGTGTCTTCACCTTAT","0"
"CGTGTCTTCACTGGGC","0"
"CGTGTCTTCGAACGGA","0"
"CGTTAGAAGTGGGTTG","1"
"CGTTAGACAACGATGG","0"
"CGTTAGACACGAAATA","0"
"CGTTAGACATACTACG","4"
"CGTTAGACATCCGCGA","2"
"CGTTAGACATGCTGGC","2"
"CGTTAGAGTCATATGC","1"
"CGTTCTGAGCCAGTTT","1"
"CGTTCTGCAGCTCGCA","0"
"CGTTCTGCATCGATGT","2"
"CGTTCTGGTAACGCGA","0"
"CGTTCTGTCACTCCTG","0"
"CGTTCTGTCTAGAGTC","0"
"CGTTGGGAGACTGGGT","0"
"CGTTGGGAGAGTGAGA","2"
"CGTTGGGAGGGCTTCC","0"
"CGTTGGGAGTACGATA","6"
"CGTTGGGAGTCAAGCG","1"
"CGTTGGGCAATGCCAT","2"
"CGTTGGGCATAACCTG","2"
"CGTTGGGCATCACGTA","0"
"CGTTGGGCATGACATC","0"
"CGTTGGGTCCCGACTT","0"
"CGTTGGGTCCTCTAGC","5"
"CGTTGGGTCGTTACAG","1"
"CGTTGGGTCTCTTGAT","3"
"CTAACTTAGAGAGCTC","1"
"CTAACTTAGCCTTGAT","4"
"CTAACTTAGGTCATCT","2"
"CTAACTTAGTGTACTC","3"
"CTAACTTCACAGACTT","0"
"CTAACTTCACGACTCG","0"
"CTAACTTCAGACAGGT","1"
"CTAACTTCAGATCTGT","0"
"CTAACTTCATCCCATC","0"
"CTAACTTGTCCGTCAG","0"
"CTAACTTGTGTGACGA","3"
"CTAACTTGTTACCGAT","1"
"CTAACTTTCCTAAGTG","0"
"CTAAGACAGAAACGAG","4"
"CTAAGACGTCTGCGGT","0"
"CTAAGACGTTGATTCG","0"
"CTAAGACTCGACCAGC","1"
"CTAAGACTCGGAAACG","4"
"CTAATGGAGCCTATGT","0"
"CTAATGGAGGACATTA","0"
"CTAATGGAGTGCCAGA","2"
"CTAATGGCAGGCTCAC","0"
"CTAATGGCAGTTCATG","3"
"CTAATGGCATTTCAGG","2"
"CTAATGGGTTCAGTAC","0"
"CTAATGGGTTCCAACA","0"
"CTAATGGTCGGATGGA","3"
"CTACACCCAGATGAGC","2"
"CTACACCCAGCTGTGC","0"
"CTACACCCATCGATTG","0"
"CTACACCGTTAAGGGC","0"
"CTACACCGTTTCCACC","2"
"CTACATTCAACGATCT","6"
"CTACATTGTATTCGTG","4"
"CTACATTTCGAATGCT","0"
"CTACCCAAGGAGTAGA","0"
"CTACCCAAGTGCGATG","0"
"CTACCCAAGTGGAGTC","2"
"CTACCCAAGTGTTGAA","2"
"CTACCCAGTCGACTAT","5"
"CTACCCAGTCTACCTC","5"
"CTACCCATCCTTGCCA","1"
"CTACCCATCTCCTATA","0"
"CTACCCATCTCTTATG","2"
"CTACGTCAGAAAGTGG","1"
"CTACGTCAGCAGGTCA","1"
"CTACGTCAGGAGTACC","1"
"CTACGTCCATAGTAAG","0"
"CTACGTCCATGGAATA","0"
"CTACGTCGTGAAAGAG","2"
"CTACGTCGTGTCGCTG","6"
"CTACGTCTCTGATACG","0"
"CTAGAGTAGAATGTGT","3"
"CTAGAGTAGAGGTAGA","0"
"CTAGAGTCACGGCCAT","1"
"CTAGAGTCATCGACGC","0"
"CTAGAGTCATGCCACG","1"
"CTAGAGTGTGGTGTAG","1"
"CTAGAGTGTTCCGGCA","2"
"CTAGAGTGTTCTGAAC","2"
"CTAGAGTTCATGTAGC","1"
"CTAGAGTTCCTTGCCA","0"
"CTAGAGTTCTTACCGC","0"
"CTAGCCTAGCAGACTG","4"
"CTAGCCTAGCGCTTAT","3"
"CTAGCCTAGGCCGAAT","4"
"CTAGCCTCAGGTGGAT","0"
"CTAGCCTCATAAGACA","0"
"CTAGCCTGTCCATGAT","1"
"CTAGCCTGTCGCTTTC","0"
"CTAGCCTGTCTTGCGG","1"
"CTAGCCTGTGGCTCCA","2"
"CTAGCCTTCGCATGAT","2"
"CTAGCCTTCGTAGGAG","0"
"CTAGCCTTCGTAGGTT","0"
"CTAGCCTTCTTGAGAC","0"
"CTAGCCTTCTTGTACT","0"
"CTAGTGAAGGTGTTAA","2"
"CTAGTGAAGTAATCCC","0"
"CTAGTGACACAACGTT","0"
"CTAGTGACACCATGTA","0"
"CTAGTGACACGGCCAT","0"
"CTAGTGACACTGCCAG","0"
"CTAGTGACACTTGGAT","0"
"CTAGTGAGTAGGGACT","0"
"CTAGTGAGTCAGAGGT","5"
"CTAGTGAGTTATCCGA","5"
"CTAGTGATCAAACGGG","0"
"CTAGTGATCTCTAAGG","1"
"CTCACACAGACCGGAT","0"
"CTCACACAGCAACGGT","2"
"CTCACACAGGCATTGG","2"
"CTCACACCATACGCCG","0"
"CTCACACGTCAAAGAT","0"
"CTCACACGTTGATTCG","2"
"CTCACACTCTCGTTTA","2"
"CTCAGAAAGCCATCGC","3"
"CTCAGAAAGGGAACGG","0"
"CTCAGAACAGACAAGC","0"
"CTCAGAACAGTACACT","1"
"CTCAGAACATCTCGCT","0"
"CTCAGAAGTATCTGCA","5"
"CTCAGAAGTTCCACTC","1"
"CTCAGAAGTTCGAATC","0"
"CTCAGAATCATCGATG","0"
"CTCAGAATCCATGAGT","0"
"CTCATTAAGACTAGAT","1"
"CTCATTAAGATCCCGC","0"
"CTCATTAAGCATCATC","0"
"CTCATTACAAGAAAGG","0"
"CTCATTACAATGGAAT","0"
"CTCATTACACAACGCC","2"
"CTCATTAGTCTCGTTC","2"
"CTCATTAGTTTGCATG","2"
"CTCATTATCAAGATCC","1"
"CTCATTATCAGCACAT","2"
"CTCATTATCCGGCACA","0"
"CTCATTATCTAACTGG","0"
"CTCCTAGAGATATGCA","2"
"CTCCTAGAGGAGCGAG","2"
"CTCCTAGCAATCGAAA","2"
"CTCCTAGCACGGTGTC","1"
"CTCCTAGCATCCTTGC","1"
"CTCCTAGCATGCGCAC","0"
"CTCCTAGGTGATGTGG","0"
"CTCCTAGTCTCTTATG","1"
"CTCGAAACAATCGGTT","0"
"CTCGAAAGTAGCGTGA","0"
"CTCGAAAGTTGTCGCG","3"
"CTCGAAATCCGGGTGT","0"
"CTCGAGGAGTCCGTAT","0"
"CTCGAGGCAAGAGGCT","0"
"CTCGAGGCAATAACGA","4"
"CTCGAGGGTAGGCTGA","1"
"CTCGAGGGTCAGCTAT","1"
"CTCGAGGGTCATGCCG","0"
"CTCGAGGGTCTAGTCA","0"
"CTCGAGGGTGGTCTCG","3"
"CTCGAGGGTTCGCGAC","0"
"CTCGAGGGTTTGTGTG","0"
"CTCGAGGTCAACGGGA","0"
"CTCGGAGCACGTTGGC","4"
"CTCGGAGCAGCTATTG","1"
"CTCGGAGCATGTCTCC","0"
"CTCGGAGCATTCTTAC","4"
"CTCGGAGGTACCTACA","1"
"CTCGGAGGTACGAAAT","1"
"CTCGGAGGTCTGATTG","0"
"CTCGGAGGTGAAGGCT","4"
"CTCGGAGTCAAACCGT","0"
"CTCGGAGTCAAGGCTT","0"
"CTCGGAGTCACGAAGG","0"
"CTCGGGAAGATGCCTT","3"
"CTCGGGAAGGCAAAGA","0"
"CTCGGGACAAAGAATC","0"
"CTCGGGACATCACGAT","5"
"CTCGGGAGTAGCCTAT","0"
"CTCGGGAGTCAATACC","2"
"CTCGGGAGTTGACGTT","3"
"CTCGGGAGTTGCGTTA","3"
"CTCGGGATCAGCTCGG","1"
"CTCGGGATCCAGAGGA","0"
"CTCGGGATCGTTTATC","2"
"CTCGTACAGAATTCCC","6"
"CTCGTACAGGTGCAAC","0"
"CTCGTACAGTCAAGGC","0"
"CTCGTACAGTGCCATT","2"
"CTCGTACAGTTATCGC","0"
"CTCGTACCAGGGATTG","0"
"CTCGTACCATTAACCG","0"
"CTCGTACTCCGTCATC","0"
"CTCGTCAAGAGTCGGT","0"
"CTCGTCAAGATATGGT","0"
"CTCGTCAAGGACGAAA","1"
"CTCGTCAAGTGAACAT","0"
"CTCGTCACACGGATAG","0"
"CTCGTCACAGTTTACG","1"
"CTCGTCATCAACTCTT","2"
"CTCGTCATCGTTTATC","0"
"CTCGTCATCTGTTGAG","2"
"CTCTAATAGAATTCCC","2"
"CTCTAATAGGTGTTAA","1"
"CTCTAATAGTCATGCT","0"
"CTCTAATCATCCGGGT","0"
"CTCTAATGTCACAAGG","2"
"CTCTAATGTCTAGGTT","0"
"CTCTAATGTCTCACCT","2"
"CTCTAATGTGCCTTGG","2"
"CTCTAATGTGCTCTTC","2"
"CTCTAATGTGTTAAGA","0"
"CTCTACGAGGATGTAT","6"
"CTCTACGAGGGTCGAT","1"
"CTCTACGCATATGGTC","0"
"CTCTACGCATGACATC","0"
"CTCTACGGTATAAACG","1"
"CTCTACGGTCCCTACT","4"
"CTCTACGTCCTTTACA","1"
"CTCTGGTAGATCCGAG","1"
"CTCTGGTAGATGTTAG","0"
"CTCTGGTAGCAGGTCA","1"
"CTCTGGTAGCGTGAAC","1"
"CTCTGGTAGCTCAACT","0"
"CTCTGGTAGGGTTTCT","0"
"CTCTGGTAGTTGTAGA","0"
"CTCTGGTCAAGGCTCC","0"
"CTCTGGTCACCTCGTT","4"
"CTCTGGTGTCTGATCA","0"
"CTCTGGTGTCTGATTG","4"
"CTCTGGTGTGCTCTTC","0"
"CTCTGGTTCAGCTTAG","2"
"CTCTGGTTCCCAACGG","1"
"CTCTGGTTCCGGCACA","3"
"CTCTGGTTCGGAGCAA","0"
"CTGAAACAGAAGGACA","0"
"CTGAAACAGCATGGCA","2"
"CTGAAACAGCGGCTTC","2"
"CTGAAACAGGAATTAC","0"
"CTGAAACAGGCTCAGA","4"
"CTGAAACAGGGTTCCC","1"
"CTGAAACAGGTTACCT","0"
"CTGAAACAGTACGCGA","0"
"CTGAAACCACCAACCG","1"
"CTGAAACGTCGCGAAA","5"
"CTGAAACGTTATGTGC","4"
"CTGAAACTCACCGTAA","6"
"CTGAAACTCCGTAGGC","2"
"CTGAAACTCGTAGATC","1"
"CTGAAACTCGTTGCCT","0"
"CTGAAACTCTTGCATT","1"
"CTGAAACTCTTGTACT","0"
"CTGAAGTAGTCAAGCG","0"
"CTGAAGTAGTCCGGTC","2"
"CTGAAGTGTGATGATA","6"
"CTGAAGTTCCGTCAAA","1"
"CTGAAGTTCTACGAGT","2"
"CTGAAGTTCTGCGTAA","0"
"CTGATAGAGAAGGTTT","1"
"CTGATAGAGATCGGGT","2"
"CTGATAGCACGGCTAC","0"
"CTGATAGCAGATGGCA","1"
"CTGATAGGTCTCATCC","4"
"CTGATAGTCGGAGCAA","0"
"CTGATAGTCGGCGCTA","0"
"CTGATCCAGACAAGCC","0"
"CTGATCCAGGACAGAA","0"
"CTGATCCAGGTGTTAA","0"
"CTGATCCAGTATCGAA","5"
"CTGATCCCACATCTTT","0"
"CTGATCCGTCACACGC","3"
"CTGCCTAAGGATGTAT","0"
"CTGCCTACATACTACG","0"
"CTGCCTAGTATGAAAC","2"
"CTGCCTAGTCACCTAA","0"
"CTGCCTATCAAACGGG","1"
"CTGCCTATCAACGCTA","0"
"CTGCCTATCACTATTC","0"
"CTGCGGAAGAATGTTG","3"
"CTGCGGAAGAGCCTAG","3"
"CTGCGGAAGATCTGCT","0"
"CTGCGGAAGGTGCTTT","2"
"CTGCTGTAGAAACCGC","1"
"CTGCTGTGTAGTACCT","0"
"CTGCTGTTCGCTAGCG","0"
"CTGCTGTTCTGAGGGA","0"
"CTGGTCTAGCCCAATT","0"
"CTGGTCTAGCGACGTA","0"
"CTGGTCTAGCGATCCC","0"
"CTGGTCTCAAGCGATG","1"
"CTGGTCTCAGACGCAA","1"
"CTGGTCTGTTAAAGTG","2"
"CTGTGCTAGACTACAA","0"
"CTGTGCTAGATCTGAA","1"
"CTGTGCTCAAGCGAGT","0"
"CTGTGCTCACATTCGA","0"
"CTGTGCTCACCATGTA","0"
"CTGTGCTCAGTTCCCT","0"
"CTGTGCTGTGCAGTAG","0"
"CTGTGCTGTGTGTGCC","3"
"CTGTGCTGTTCCGTCT","2"
"CTGTGCTTCATGCTCC","0"
"CTGTGCTTCATTGCCC","0"
"CTGTTTAAGAAACCTA","3"
"CTGTTTAAGACAGACC","0"
"CTGTTTAAGCACCGTC","0"
"CTGTTTACAGCCTGTG","0"
"CTGTTTAGTATATCCG","0"
"CTGTTTAGTGGACGAT","0"
"CTGTTTATCCACGACG","2"
"CTGTTTATCCTCGCAT","0"
"CTGTTTATCGGCGGTT","3"
"CTGTTTATCGTTGCCT","0"
"CTGTTTATCTGCTGTC","0"
"CTTAACTAGGTAGCTG","0"
"CTTAACTCAGACGTAG","0"
"CTTAACTGTAAATGAC","4"
"CTTAACTGTAACGCGA","1"
"CTTAACTTCACCTCGT","0"
"CTTAACTTCATCACCC","0"
"CTTAACTTCTGCAGTA","0"
"CTTACCGAGATGTCGG","1"
"CTTACCGAGTTAACGA","3"
"CTTACCGCACATCCGG","0"
"CTTACCGCATTAGGCT","3"
"CTTACCGGTCTGGTCG","0"
"CTTACCGGTGTCCTCT","3"
"CTTACCGTCATTTGGG","3"
"CTTACCGTCTCGCATC","0"
"CTTACCGTCTGAGTGT","0"
"CTTAGGAAGATGTAAC","5"
"CTTAGGAAGGAGTACC","2"
"CTTAGGAGTTAAGATG","0"
"CTTAGGAGTTGAGGTG","0"
"CTTAGGAGTTGCTCCT","2"
"CTTAGGATCGCGCCAA","2"
"CTTAGGATCGTTGCCT","0"
"CTTCTCTAGAAACCTA","2"
"CTTCTCTAGACAGACC","1"
"CTTCTCTAGCCAGAAC","2"
"CTTCTCTAGGTGCTAG","0"
"CTTCTCTCAAAGCGGT","2"
"CTTCTCTCAATAAGCA","1"
"CTTCTCTCATCGGGTC","0"
"CTTCTCTGTTACGACT","0"
"CTTCTCTTCTAACCGA","0"
"CTTGGCTAGAGCCTAG","0"
"CTTGGCTAGTGTCCAT","0"
"CTTGGCTCAGTATAAG","0"
"CTTGGCTGTCGCCATG","1"
"CTTGGCTTCTTCTGGC","0"
"CTTTGCGAGATAGGAG","0"
"CTTTGCGAGGACACCA","0"
"CTTTGCGCATCGGACC","2"
"CTTTGCGCATCTACGA","0"
"CTTTGCGGTATCTGCA","0"
"CTTTGCGGTCAGCTAT","2"
"CTTTGCGGTTCCACGG","0"
"CTTTGCGTCAGGTTCA","2"
"CTTTGCGTCCTTGACC","0"
"GAAACTCCACGTAAGG","3"
"GAAACTCCATGCTGGC","0"
"GAAACTCCATGGTCTA","0"
"GAAACTCCATTTCACT","2"
"GAAACTCGTAGGGTAC","1"
"GAAACTCGTCGCGTGT","1"
"GAAACTCGTGAGGGTT","2"
"GAAACTCTCAACGGGA","0"
"GAAACTCTCGCTGATA","1"
"GAAATGAAGAGGGCTT","1"
"GAAATGAAGATGTGGC","6"
"GAAATGAAGCAGGTCA","2"
"GAAATGAAGTACCGGA","1"
"GAAATGAGTAGCTTGT","1"
"GAAATGAGTCCGAACC","0"
"GAAATGAGTCGGGTCT","1"
"GAAATGAGTTCGTGAT","0"
"GAAATGATCAGAGGTG","0"
"GAAATGATCCTGTACC","3"
"GAAATGATCGGTCCGA","0"
"GAACATCAGAGGGATA","0"
"GAACATCCAGCTGTGC","0"
"GAACATCGTCGCATAT","2"
"GAACATCGTGTATGGG","5"
"GAACATCTCGTACGGC","0"
"GAACCTAAGACAGGCT","2"
"GAACCTAAGTGCGTGA","6"
"GAACCTACAAGGGTCA","2"
"GAACCTAGTGAGTATA","0"
"GAACCTAGTGTGGCTC","0"
"GAACCTAGTTATCGGT","5"
"GAACCTATCGTTTATC","0"
"GAACGGAAGACTTTCG","0"
"GAACGGAAGATGTTAG","1"
"GAACGGAAGCCACCTG","0"
"GAACGGACAATGGATA","0"
"GAACGGACAGCTCGCA","0"
"GAACGGACATACAGCT","0"
"GAACGGACATGCGCAC","1"
"GAACGGATCACCCGAG","0"
"GAACGGATCATCGCTC","0"
"GAACGGATCCCTTGTG","0"
"GAACGGATCGAGAGCA","1"
"GAACGGATCTGCAGTA","0"
"GAAGCAGAGCGTTCCG","3"
"GAAGCAGAGGATTCGG","1"
"GAAGCAGAGTCAAGCG","5"
"GAAGCAGGTAATCACC","1"
"GAAGCAGGTACGCACC","2"
"GAAGCAGGTGACAAAT","2"
"GAAGCAGGTGATAAGT","0"
"GAAGCAGTCAGGTTCA","0"
"GAAGCAGTCCTTTACA","0"
"GAAGCAGTCGATCCCT","1"
"GAAGCAGTCGGCATCG","0"
"GAATAAGAGCAGGTCA","0"
"GAATAAGAGCGGCTTC","0"
"GAATAAGAGGCCCTTG","0"
"GAATAAGAGTAGCGGT","0"
"GAATAAGCAAAGCAAT","0"
"GAATAAGCACGTCTCT","0"
"GAATAAGCACTGTGTA","0"
"GAATAAGCAGCCACCA","0"
"GAATAAGCATCGGAAG","2"
"GAATAAGCATGCCTTC","2"
"GAATAAGCATTCGACA","1"
"GAATAAGGTAACGTTC","1"
"GAATAAGGTAGTACCT","0"
"GAATAAGGTCGATTGT","0"
"GAATAAGGTCGTCTTC","0"
"GAATAAGGTGTTCTTT","4"
"GAATAAGGTTCCAACA","0"
"GAATAAGTCACTCCTG","0"
"GAATAAGTCACTCTTA","0"
"GAATAAGTCGTCCGTT","5"
"GAATGAAAGGCTCAGA","0"
"GAATGAAAGTCCCACG","0"
"GAATGAACAATCTGCA","0"
"GAATGAACACCGAATT","1"
"GAATGAACACGTCTCT","0"
"GAATGAACAGCATACT","1"
"GAATGAACAGGGTATG","2"
"GAATGAACAGTCAGAG","3"
"GAATGAACATCTCGCT","0"
"GAATGAAGTGATAAGT","2"
"GAATGAATCACAAACC","0"
"GAATGAATCTTGGGTA","0"
"GACACGCAGCTGCAAG","2"
"GACACGCGTAAATGAC","0"
"GACACGCGTATCAGTC","0"
"GACACGCGTATGGTTC","0"
"GACACGCGTCATACTG","0"
"GACACGCTCAGCTGGC","3"
"GACACGCTCCAAAGTC","3"
"GACACGCTCCCGACTT","0"
"GACAGAGGTAATCACC","0"
"GACAGAGGTATCGCAT","4"
"GACAGAGGTCCATCCT","0"
"GACAGAGGTGAGGGAG","0"
"GACCAATCAATAAGCA","0"
"GACCAATCACGCTTTC","0"
"GACCAATCATCGTCGG","2"
"GACCAATGTTCGGGCT","4"
"GACCAATTCATAGCAC","0"
"GACCAATTCGTCGTTC","1"
"GACCAATTCTTGAGGT","1"
"GACCTGGAGGATGTAT","0"
"GACCTGGCAAGAGGCT","0"
"GACCTGGCACAGTCGC","2"
"GACCTGGCACGGCCAT","1"
"GACCTGGCAGCATACT","2"
"GACCTGGCAGTCACTA","2"
"GACCTGGCAGTTCATG","0"
"GACCTGGGTAGTACCT","0"
"GACCTGGGTGCGCTTG","3"
"GACCTGGTCACCTTAT","2"
"GACCTGGTCAGCCTAA","1"
"GACCTGGTCGCGTTTC","2"
"GACGCGTAGTATGACA","3"
"GACGCGTCAAACAACA","0"
"GACGGCTAGCGATTCT","3"
"GACGGCTCAGGGAGAG","4"
"GACGGCTCATGGTCTA","0"
"GACGGCTGTACAGCAG","0"
"GACGGCTGTTATTCTC","2"
"GACGGCTTCGTAGATC","3"
"GACGTGCCAAAGCGGT","0"
"GACGTGCCACCGAAAG","1"
"GACGTGCGTACAGTTC","3"
"GACGTGCGTCAAAGAT","1"
"GACGTGCGTCCGAGTC","0"
"GACGTGCGTTGTTTGG","2"
"GACGTGCTCAAACCGT","1"
"GACGTGCTCGGTGTCG","2"
"GACGTTAAGATATGGT","0"
"GACGTTAAGCTGAAAT","2"
"GACGTTAAGGTGATAT","0"
"GACGTTAAGTCTTGCA","2"
"GACGTTAAGTGAACGC","2"
"GACGTTAAGTGTTAGA","2"
"GACGTTACAATGGTCT","0"
"GACGTTACACAGCGTC","0"
"GACGTTAGTATGGTTC","0"
"GACGTTAGTGGTAACG","2"
"GACGTTATCCTCAACC","1"
"GACGTTATCGGTGTCG","0"
"GACTAACAGACTGGGT","1"
"GACTAACAGCTCCTTC","5"
"GACTAACAGTGTACGG","2"
"GACTAACCACGAAACG","4"
"GACTAACGTAGCGTAG","3"
"GACTAACGTCAAAGAT","4"
"GACTAACTCAAACGGG","0"
"GACTAACTCCCAGGTG","0"
"GACTAACTCGAATCCA","0"
"GACTACACATCACCCT","3"
"GACTACACATGTAGTC","3"
"GACTACAGTTCAGTAC","1"
"GACTACATCAGCATGT","1"
"GACTACATCCTTTACA","0"
"GACTACATCTACGAGT","0"
"GACTGCGAGATCCCGC","0"
"GACTGCGAGATGCCTT","2"
"GACTGCGGTACTCGCG","0"
"GACTGCGGTAGGCTGA","3"
"GACTGCGGTCTAGGTT","1"
"GACTGCGGTCTGGTCG","0"
"GACTGCGGTGTTTGTG","3"
"GACTGCGGTTATCCGA","0"
"GACTGCGTCTCCAACC","5"
"GAGCAGAAGCGCCTTG","0"
"GAGCAGACAATCACAC","2"
"GAGCAGAGTAATTGGA","0"
"GAGCAGAGTAGCACGA","1"
"GAGCAGAGTGTAACGG","0"
"GAGCAGATCCTGTAGA","1"
"GAGGTGAAGCGCCTCA","1"
"GAGGTGAAGTGAATTG","3"
"GAGGTGAGTCCATGAT","3"
"GAGGTGAGTTTAGCTG","0"
"GAGGTGATCAACCATG","1"
"GAGTCCGAGCTACCTA","0"
"GAGTCCGAGGATCGCA","2"
"GAGTCCGAGTATGACA","0"
"GAGTCCGCAATGACCT","1"
"GAGTCCGCACAAGTAA","0"
"GAGTCCGGTACATCCA","0"
"GAGTCCGGTTCCACTC","1"
"GAGTCCGTCTCTGAGA","1"
"GATCAGTAGCCCAATT","0"
"GATCAGTCACTGTCGG","0"
"GATCAGTCAGCTGTAT","0"
"GATCAGTTCGTTGACA","2"
"GATCGATAGGATGTAT","6"
"GATCGATCAATCGGTT","0"
"GATCGATCACGCTTTC","3"
"GATCGATGTCTTGATG","1"
"GATCGATGTCTTGCGG","1"
"GATCGATGTTGCGTTA","1"
"GATCGATGTTTGACAC","1"
"GATCGCGAGCCGCCTA","0"
"GATCGCGAGGAATCGC","1"
"GATCGCGAGGCCCGTT","2"
"GATCGCGAGGCGCTCT","1"
"GATCGCGAGTCAAGCG","3"
"GATCGCGCAGTAAGAT","0"
"GATCGCGGTAAGAGGA","0"
"GATCGCGGTTAAAGTG","5"
"GATCGCGTCAGTCCCT","1"
"GATCGTAAGCTCTCGG","0"
"GATCGTACAGACACTT","0"
"GATCGTACATTCCTGC","0"
"GATCGTAGTCCATGAT","3"
"GATCGTAGTCTAGCCG","5"
"GATCGTAGTCTCTTAT","0"
"GATCGTAGTGAACCTT","1"
"GATCGTATCAGTTGAC","1"
"GATCGTATCGTAGGAG","1"
"GATCGTATCTGAGTGT","0"
"GATCGTATCTTCAACT","0"
"GATCTAGAGAGGTTGC","2"
"GATCTAGAGATGTCGG","1"
"GATCTAGAGGCCCGTT","0"
"GATCTAGAGTTCGCGC","0"
"GATCTAGCAAACCTAC","2"
"GATCTAGCAAAGCAAT","0"
"GATCTAGGTTAAGGGC","1"
"GATCTAGGTTCAGTAC","1"
"GATCTAGGTTCCTCCA","2"
"GATCTAGTCACAATGC","5"
"GATCTAGTCTTCGGTC","1"
"GATGAAAAGCACGCCT","2"
"GATGAAAAGCAGCGTA","0"
"GATGAAAAGTCCATAC","4"
"GATGAAAAGTCGCCGT","2"
"GATGAAACAAGCCGTC","0"
"GATGAAACACGCCAGT","0"
"GATGAAACAGCATACT","3"
"GATGAAACAGGTGGAT","2"
"GATGAAACATACTACG","2"
"GATGAAAGTAAGGATT","2"
"GATGAAAGTCTTGTCC","0"
"GATGAAATCATCTGCC","2"
"GATGAGGAGACCTTTG","0"
"GATGAGGAGTATTGGA","3"
"GATGAGGCAATGGTCT","1"
"GATGAGGGTATAAACG","0"
"GATGAGGGTGGAAAGA","0"
"GATGAGGTCTCTGTCG","0"
"GATGCTAAGACTGTAA","1"
"GATGCTAAGAGAGCTC","1"
"GATGCTAAGCTTCGCG","3"
"GATGCTAAGTGTCTCA","0"
"GATGCTACATCCGGGT","2"
"GATGCTAGTACAAGTA","0"
"GATGCTATCACTGGGC","0"
"GATGCTATCAGCATGT","3"
"GATTCAGAGAATTGTG","0"
"GATTCAGAGGAATCGC","0"
"GATTCAGCACATGACT","0"
"GATTCAGCACGGCGTT","4"
"GATTCAGGTTACGACT","0"
"GATTCAGTCACTTATC","1"
"GATTCAGTCTGCTGCT","3"
"GCAAACTAGCAGGCTA","1"
"GCAAACTCAATCACAC","4"
"GCAAACTCAGCAGTTT","0"
"GCAAACTCATGGTTGT","0"
"GCAAACTGTGTGGTTT","1"
"GCAAACTGTGTGTGCC","1"
"GCAAACTGTTGAACTC","0"
"GCAAACTGTTGCGTTA","3"
"GCAAACTTCAGTGCAT","1"
"GCAAACTTCTGGCGTG","1"
"GCAATCAAGGCACATG","2"
"GCAATCAAGTGGACGT","0"
"GCAATCACACAAGCCC","0"
"GCAATCACACACATGT","5"
"GCAATCACATGACGGA","0"
"GCAATCACATGGAATA","1"
"GCAATCATCAGGCCCA","3"
"GCAATCATCGACGGAA","0"
"GCAATCATCGGAAATA","3"
"GCACATAAGCGAGAAA","0"
"GCACATAAGTACACCT","0"
"GCACATAAGTGGGTTG","3"
"GCACATAAGTGTGGCA","0"
"GCACATACAAGGTGTG","1"
"GCACATACAGGAATCG","4"
"GCACATACAGGTTTCA","1"
"GCACATACATACGCTA","0"
"GCACATAGTACATCCA","2"
"GCACATAGTACGAAAT","1"
"GCACATAGTCATGCCG","2"
"GCACATAGTCCGTCAG","5"
"GCACATAGTCTTGATG","2"
"GCACATAGTTTCCACC","0"
"GCACATATCGCAAGCC","0"
"GCACATATCTGATTCT","0"
"GCACTCTAGAGGTACC","0"
"GCACTCTAGATACACA","0"
"GCACTCTAGCCTCGTG","2"
"GCACTCTAGGAATGGA","0"
"GCACTCTCAATAGCGG","1"
"GCACTCTCACGACTCG","0"
"GCACTCTCAGTAACGG","1"
"GCACTCTGTAGCAAAT","0"
"GCACTCTGTCACCTAA","2"
"GCACTCTGTGCTTCTC","0"
"GCACTCTTCAAGGTAA","0"
"GCACTCTTCACTTACT","1"
"GCACTCTTCCGGGTGT","1"
"GCACTCTTCTCAAACG","0"
"GCACTCTTCTGCCCTA","0"
"GCAGCCACAATCGGTT","1"
"GCAGCCACACGAAAGC","0"
"GCAGCCACACTCAGGC","0"
"GCAGCCAGTTGGGACA","2"
"GCAGCCATCAAACCAC","0"
"GCAGCCATCATGCAAC","1"
"GCAGCCATCGGCGCAT","2"
"GCAGCCATCGTTTAGG","0"
"GCAGCCATCTATCGCC","4"
"GCAGTTAAGGCCCTCA","1"
"GCAGTTACAGGGAGAG","0"
"GCAGTTAGTCTAGGTT","2"
"GCAGTTAGTTGCCTCT","2"
"GCAGTTATCGCCATAA","0"
"GCATACAAGAGAGCTC","1"
"GCATACAAGCTAAACA","1"
"GCATACACAAAGAATC","4"
"GCATACACACTCTGTC","0"
"GCATACACAGTTCCCT","5"
"GCATACAGTACCGCTG","0"
"GCATACAGTATAGGTA","0"
"GCATACAGTCATTAGC","0"
"GCATACAGTCTCCCTA","4"
"GCATACAGTGTGGTTT","2"
"GCATACAGTTATGTGC","5"
"GCATACAGTTCCGTCT","1"
"GCATACATCCCTTGTG","0"
"GCATACATCGCCAGCA","0"
"GCATGATAGATATACG","0"
"GCATGATAGATGGCGT","0"
"GCATGATCAGGGATTG","3"
"GCATGATCAGGTCCAC","3"
"GCATGATGTAGCTGCC","3"
"GCATGATGTCTCAACA","1"
"GCATGATGTGAAATCA","1"
"GCATGATTCGACAGCC","3"
"GCATGATTCGGCGCAT","4"
"GCATGATTCTCGAGTA","1"
"GCATGATTCTTCAACT","5"
"GCATGATTCTTCATGT","3"
"GCATGCGAGAATGTGT","1"
"GCATGCGAGACTTTCG","2"
"GCATGCGAGCTAGTGG","0"
"GCATGCGCACCGAAAG","1"
"GCATGCGCAGCTGCAC","1"
"GCATGCGCATACTCTT","2"
"GCATGCGGTAGCGCAA","2"
"GCATGCGGTCATGCAT","1"
"GCATGCGGTCTCTTTA","0"
"GCATGCGGTGCACGAA","3"
"GCATGTAAGATGTGTA","0"
"GCATGTAAGCCCAACC","1"
"GCATGTAAGTGACATA","2"
"GCATGTAAGTGCCAGA","0"
"GCATGTACACTGTCGG","2"
"GCATGTACAGATAATG","0"
"GCATGTACATAGGATA","2"
"GCATGTAGTAACGCGA","2"
"GCATGTAGTCAGTGGA","0"
"GCATGTAGTTCCTCCA","2"
"GCATGTATCAACGCTA","2"
"GCCAAATAGCGGATCA","1"
"GCCAAATAGCGTTGCC","1"
"GCCAAATAGTAGGTGC","6"
"GCCAAATCAGGTGCCT","0"
"GCCAAATCATTGGCGC","3"
"GCCAAATGTACTTCTT","2"
"GCCAAATTCGTGGGAA","0"
"GCCAAATTCTAGAGTC","1"
"GCCTCTAAGCAGGCTA","0"
"GCCTCTAAGCGATTCT","0"
"GCCTCTAAGGGTCGAT","1"
"GCCTCTACAGGTTTCA","0"
"GCCTCTACATCCGGGT","2"
"GCCTCTAGTAGCGATG","0"
"GCCTCTAGTCAATGTC","0"
"GCCTCTAGTGGCCCTA","0"
"GCCTCTATCACTTATC","0"
"GCGACCAAGAGACTAT","2"
"GCGACCAAGCAATATG","0"
"GCGACCAAGCAGCGTA","0"
"GCGACCACACCCATTC","1"
"GCGACCAGTCTTGATG","2"
"GCGAGAAAGGGATACC","0"
"GCGAGAAAGTGTCTCA","0"
"GCGAGAACAAGGTTTC","1"
"GCGAGAACAGTGACAG","1"
"GCGAGAAGTTTGACTG","0"
"GCGAGAATCGTTTATC","0"
"GCGAGAATCTCCAGGG","2"
"GCGCAACAGAGGTTGC","0"
"GCGCAACAGTAGATGT","0"
"GCGCAACCATGTCCTC","0"
"GCGCAACTCACTTACT","6"
"GCGCAACTCCGAAGAG","0"
"GCGCAACTCGTTACAG","0"
"GCGCAACTCTGTCTCG","0"
"GCGCAGTCACCCAGTG","0"
"GCGCAGTCATTAGGCT","0"
"GCGCAGTGTACTCGCG","0"
"GCGCAGTGTCCTAGCG","1"
"GCGCAGTGTTCGCGAC","0"
"GCGCAGTTCCGCAGTG","0"
"GCGCCAAAGATATGCA","2"
"GCGCCAAAGGGTCGAT","0"
"GCGCCAACAATACGCT","0"
"GCGCCAACACATCTTT","1"
"GCGCCAACACTATCTT","0"
"GCGCCAAGTGAGGGAG","3"
"GCGCCAAGTTCAGTAC","0"
"GCGCCAATCATATCGG","3"
"GCGCCAATCGCCGTGA","1"
"GCGCGATAGACTTTCG","0"
"GCGCGATAGAGGACGG","1"
"GCGCGATCACCGGAAA","4"
"GCGCGATCATCGATTG","0"
"GCGCGATCATCTGGTA","3"
"GCGCGATGTGAACCTT","5"
"GCGCGATTCTCCGGTT","1"
"GCGCGATTCTTGAGGT","0"
"GCGGGTTAGCCCTAAT","0"
"GCGGGTTAGGCCATAG","0"
"GCGGGTTCAAAGCGGT","0"
"GCGGGTTCAGCTGTAT","5"
"GCGGGTTCATAGAAAC","0"
"GCGGGTTCATGCTGGC","2"
"GCGGGTTGTAGAAGGA","2"
"GCGGGTTGTTCGCTAA","0"
"GCGGGTTTCATGTGGT","0"
"GCGGGTTTCCGTCAAA","0"
"GCTCCTAAGCGCTTAT","3"
"GCTCCTAAGTGTGGCA","3"
"GCTCCTACAAGCCGCT","0"
"GCTCCTAGTACCGTTA","0"
"GCTCCTAGTTCACCTC","0"
"GCTCCTATCCTGTAGA","2"
"GCTCTGTAGCGACGTA","0"
"GCTCTGTAGTGGTCCC","1"
"GCTCTGTCAGTATCTG","2"
"GCTCTGTGTACTTGAC","0"
"GCTCTGTGTAGCCTCG","1"
"GCTCTGTTCATAACCG","0"
"GCTGCAGAGCCACTAT","2"
"GCTGCAGAGCTAACTC","2"
"GCTGCAGAGGACACCA","0"
"GCTGCAGCAGGGAGAG","4"
"GCTGCAGGTATCACCA","3"
"GCTGCAGGTGCACCAC","1"
"GCTGCAGGTTCAGCGC","0"
"GCTGCGAAGAGGTTAT","3"
"GCTGCGAAGCAGCCTC","3"
"GCTGCGAAGCCGATTT","0"
"GCTGCGAAGGCAGGTT","0"
"GCTGCGACAAGCCGCT","0"
"GCTGCGACACAGATTC","1"
"GCTGCGACAGTATCTG","0"
"GCTGCGAGTATGAAAC","0"
"GCTGCGAGTCTAGCGC","0"
"GCTGCGATCACCAGGC","0"
"GCTGCGATCCTAAGTG","5"
"GCTGCGATCCTAGGGC","1"
"GCTGCTTAGCCACCTG","2"
"GCTGCTTAGCTAAACA","0"
"GCTGCTTCATAACCTG","1"
"GCTGCTTCATGGAATA","4"
"GCTGCTTGTCCAGTGC","2"
"GCTGCTTGTCTTCTCG","4"
"GCTGCTTGTTCCCTTG","1"
"GCTGCTTTCTCTGCTG","0"
"GCTGCTTTCTGCCAGG","0"
"GCTGGGTCAAAGGTGC","0"
"GCTGGGTCAATCACAC","0"
"GCTGGGTCATCGATGT","0"
"GCTGGGTTCTGCTTGC","0"
"GCTTCCAAGACCTTTG","4"
"GCTTCCACACATTCGA","0"
"GCTTCCACAGCTGTAT","5"
"GCTTCCACATGCCTAA","1"
"GCTTCCAGTCAGATAA","3"
"GCTTCCAGTTGGACCC","1"
"GCTTCCATCAGGTAAA","4"
"GCTTGAAAGAAGGTTT","2"
"GCTTGAAAGAGGGATA","2"
"GCTTGAACAAATTGCC","0"
"GCTTGAAGTGATAAGT","2"
"GCTTGAAGTGTGACGA","0"
"GCTTGAAGTTCCGGCA","2"
"GCTTGAATCTAAGCCA","0"
"GGAAAGCCACGTAAGG","0"
"GGAAAGCCAGCATACT","5"
"GGAAAGCGTAATCACC","3"
"GGAAAGCGTACCTACA","4"
"GGAAAGCGTAGCACGA","0"
"GGAAAGCGTTACCGAT","0"
"GGAAAGCGTTAGTGGG","1"
"GGAAAGCGTTCTCATT","0"
"GGAACTTAGGACTGGT","3"
"GGAACTTAGGTGCTAG","2"
"GGAACTTCACCGGAAA","0"
"GGAACTTGTAGCTTGT","4"
"GGAACTTGTCGCATAT","0"
"GGAACTTGTTAAGACA","0"
"GGAACTTTCCTTGGTC","0"
"GGAACTTTCGGCCGAT","3"
"GGAATAACACCCTATC","1"
"GGAATAACAGCCTGTG","4"
"GGAATAAGTAGAGTGC","0"
"GGAATAAGTCGGGTCT","0"
"GGAATAAGTTAAGACA","0"
"GGAATAATCACTCCTG","3"
"GGAATAATCAGAGCTT","3"
"GGACAAGAGACTAAGT","2"
"GGACAAGAGATCACGG","0"
"GGACAAGAGCCTCGTG","3"
"GGACAAGCAAGCGCTC","0"
"GGACAAGCACAGTCGC","1"
"GGACAAGGTCGAGATG","1"
"GGACAAGGTGTTCGAT","3"
"GGACAAGTCAACGCTA","2"
"GGACAAGTCTTGTTTG","0"
"GGACAGAAGAAGCCCA","0"
"GGACAGAAGAGCTGCA","0"
"GGACAGAAGATCTGCT","0"
"GGACAGAAGATGGCGT","3"
"GGACAGACAGCAGTTT","0"
"GGACAGACAGCGTCCA","0"
"GGACAGACAGTGACAG","1"
"GGACAGAGTCGATTGT","2"
"GGACAGAGTGCGATAG","1"
"GGACAGATCATTCACT","1"
"GGACAGATCGAACGGA","2"
"GGACATTAGGCCATAG","0"
"GGACATTCACCAGTTA","0"
"GGACATTCACGCTTTC","1"
"GGACATTCATCTCCCA","5"
"GGACATTGTACCCAAT","1"
"GGACATTGTGGAAAGA","0"
"GGACATTGTGTTCGAT","0"
"GGACATTTCGGTCTAA","1"
"GGACATTTCTCTGTCG","2"
"GGACGTCAGACCCACC","2"
"GGACGTCAGTCTCAAC","1"
"GGACGTCCACGGTAAG","0"
"GGACGTCCAGGTGCCT","2"
"GGACGTCGTACCATCA","0"
"GGACGTCGTACGACCC","6"
"GGACGTCTCGAACGGA","1"
"GGAGCAAAGCGTTTAC","1"
"GGAGCAAAGGGAACGG","0"
"GGAGCAACACGACGAA","2"
"GGAGCAATCGTACGGC","0"
"GGATGTTAGGCTAGCA","4"
"GGATGTTAGGGTCGAT","2"
"GGATGTTGTCTCTTTA","0"
"GGATGTTGTTATGTGC","2"
"GGATGTTGTTGATTGC","2"
"GGATTACAGACTCGGA","0"
"GGATTACAGTGGGCTA","0"
"GGATTACCACGTCAGC","3"
"GGATTACGTCTAAAGA","2"
"GGATTACGTTGGACCC","1"
"GGCAATTAGGTCATCT","0"
"GGCAATTAGTAATCCC","0"
"GGCAATTAGTTGTAGA","3"
"GGCAATTGTATCTGCA","3"
"GGCAATTGTCGAGTTT","2"
"GGCAATTGTGGTTTCA","0"
"GGCAATTGTGTCAATC","2"
"GGCAATTGTTAAGAAC","1"
"GGCAATTGTTAAGACA","0"
"GGCAATTTCCTCGCAT","0"
"GGCAATTTCGTATCAG","0"
"GGCAATTTCTCCAACC","0"
"GGCCGATAGATGCCTT","3"
"GGCCGATAGCCAGGAT","2"
"GGCCGATAGTACGTAA","0"
"GGCCGATCAAGCCATT","1"
"GGCCGATCAAGGTGTG","0"
"GGCCGATCAAGTAATG","5"
"GGCCGATCAGCATACT","0"
"GGCCGATGTCGCATCG","0"
"GGCCGATGTCTCTTAT","2"
"GGCCGATGTGCGGTAA","0"
"GGCCGATGTGTATGGG","3"
"GGCGACTAGCGTTGCC","1"
"GGCGACTAGCTAGGCA","6"
"GGCGACTAGTAATCCC","0"
"GGCGACTCACTGTGTA","2"
"GGCGACTCACTGTTAG","0"
"GGCGACTCATCGATTG","0"
"GGCGACTGTGAAATCA","0"
"GGCGACTGTGTTGGGA","1"
"GGCGACTGTTCTCATT","3"
"GGCGACTTCACCGTAA","0"
"GGCGACTTCTGAGGGA","3"
"GGCGTGTAGAAGATTC","5"
"GGCGTGTAGACAATAC","1"
"GGCGTGTAGACGACGT","1"
"GGCGTGTCAAACAACA","3"
"GGCGTGTCAACACCCG","3"
"GGCGTGTCAGTGACAG","0"
"GGCGTGTGTATTCTCT","0"
"GGCGTGTTCCACGTTC","0"
"GGCTCGAAGTGCGTGA","0"
"GGCTCGAAGTTTGCGT","0"
"GGCTCGACAATCGGTT","1"
"GGCTCGACAATCTGCA","0"
"GGCTCGACAGCTCGCA","3"
"GGCTCGAGTCCAGTAT","0"
"GGCTCGAGTGATGCCC","2"
"GGCTGGTAGCCACCTG","0"
"GGCTGGTAGCGAGAAA","1"
"GGCTGGTCACTTACGA","1"
"GGCTGGTTCCCATTAT","2"
"GGGAATGAGATCTGCT","0"
"GGGAATGAGGCATGTG","2"
"GGGAATGCACACGCTG","0"
"GGGAATGCAGGCTCAC","3"
"GGGAATGGTCAACTGT","1"
"GGGAATGTCCCTAATT","2"
"GGGAATGTCTTACCGC","0"
"GGGACCTAGACCACGA","0"
"GGGACCTAGACTACAA","0"
"GGGACCTAGCTAGTTC","2"
"GGGACCTAGTACCGGA","2"
"GGGACCTCACCAGATT","2"
"GGGACCTCAGTAAGCG","0"
"GGGACCTCAGTCAGCC","0"
"GGGACCTCATGATCCA","0"
"GGGACCTGTGATGATA","1"
"GGGACCTGTGATGTGG","0"
"GGGACCTGTTGGACCC","0"
"GGGACCTTCAACGCTA","0"
"GGGAGATAGAGGTTAT","2"
"GGGAGATAGGGAAACA","0"
"GGGAGATAGGTGATTA","1"
"GGGAGATCACTTCTGC","4"
"GGGAGATCAGGACGTA","6"
"GGGAGATCAGTATAAG","1"
"GGGAGATCATGTTCCC","1"
"GGGAGATTCACAGGCC","1"
"GGGAGATTCAGCAACT","0"
"GGGAGATTCCAAAGTC","0"
"GGGAGATTCGTACGGC","2"
"GGGATGAAGTTGAGAT","0"
"GGGATGACAGCTGTTA","2"
"GGGATGAGTCACACGC","2"
"GGGATGATCACTCTTA","3"
"GGGATGATCATGCTCC","3"
"GGGATGATCGAACTGT","0"
"GGGCACTAGGGATGGG","1"
"GGGCACTAGTTGCAGG","0"
"GGGCACTCAACTGGCC","2"
"GGGCACTCAATAGCGG","0"
"GGGCACTCAGTATCTG","0"
"GGGCACTTCGGCCGAT","0"
"GGGCACTTCGGCGCTA","0"
"GGGCATCAGTCAAGCG","0"
"GGGCATCCACCGCTAG","2"
"GGGCATCCAGGCAGTA","3"
"GGGCATCGTCATCGGC","1"
"GGGCATCTCAATACCG","1"
"GGGCATCTCCCACTTG","2"
"GGGCATCTCTCTAAGG","1"
"GGGTCTGAGACCACGA","0"
"GGGTCTGAGCAATATG","2"
"GGGTCTGCAACAACCT","0"
"GGGTCTGCAATGAATG","3"
"GGGTCTGCACTTACGA","0"
"GGGTCTGGTAAGGATT","2"
"GGGTCTGGTTTAGCTG","2"
"GGGTCTGTCCTTTACA","2"
"GGGTTGCAGTTTAGGA","0"
"GGGTTGCCAGCCAGAA","0"
"GGGTTGCCATTACCTT","0"
"GGGTTGCGTAGATTAG","2"
"GGGTTGCTCCCTAACC","0"
"GGGTTGCTCGGCGCAT","0"
"GGGTTGCTCTCCCTGA","5"
"GGGTTGCTCTGTGCAA","0"
"GGTATTGAGCGATCCC","2"
"GGTATTGAGGAACTGC","0"
"GGTATTGCAAGCGATG","0"
"GGTATTGGTAAGCACG","1"
"GGTATTGGTCCCGACA","0"
"GGTATTGGTTACGACT","1"
"GGTATTGTCAGGCAAG","2"
"GGTATTGTCATAACCG","3"
"GGTATTGTCCGCTGTT","2"
"GGTATTGTCCGGGTGT","1"
"GGTATTGTCGAATGGG","0"
"GGTGAAGAGAGTAATC","1"
"GGTGAAGCAGCTCGCA","0"
"GGTGAAGCATGCCTAA","0"
"GGTGAAGGTCCATCCT","0"
"GGTGAAGGTCGAGATG","0"
"GGTGAAGGTTCCATGA","2"
"GGTGAAGTCAACCATG","0"
"GGTGAAGTCGTAGGTT","0"
"GGTGAAGTCGTCCGTT","0"
"GGTGCGTAGCCACGTC","0"
"GGTGCGTAGCTAACTC","0"
"GGTGCGTAGCTTTGGT","5"
"GGTGCGTCAAACCTAC","2"
"GGTGCGTCAGGCAGTA","1"
"GGTGCGTCATAGGATA","0"
"GGTGCGTGTCCAGTAT","2"
"GGTGCGTTCACTGGGC","0"
"GGTGTTAAGATCCCGC","4"
"GGTGTTAAGGGAACGG","3"
"GGTGTTAAGGGCATGT","0"
"GGTGTTACAGCCAATT","0"
"GGTGTTACAGGTCGTC","1"
"GGTGTTACATAGGATA","3"
"GGTGTTAGTACACCGC","1"
"GGTGTTAGTATATGAG","2"
"GGTGTTAGTGCGCTTG","2"
"GGTGTTATCTGCGGCA","6"
"GGTGTTATCTTAGAGC","1"
"GTAACGTAGAGTGACC","1"
"GTAACGTAGGCTCAGA","1"
"GTAACGTAGTGGTAAT","0"
"GTAACGTCAATGTAAG","0"
"GTAACGTCACCGATAT","1"
"GTAACGTCAGGTGCCT","5"
"GTAACGTGTACCGTAT","0"
"GTAACGTGTCAAAGAT","0"
"GTAACGTGTCGACTGC","0"
"GTAACGTTCCGAAGAG","3"
"GTAACGTTCGGCGCAT","1"
"GTAACTGAGCACCGCT","1"
"GTAACTGAGCCACGCT","0"
"GTAACTGAGGCGCTCT","0"
"GTAACTGCAAACCCAT","2"
"GTAACTGCACCTCGTT","0"
"GTAACTGTCATAACCG","0"
"GTAACTGTCCCAACGG","1"
"GTAACTGTCCGCGGTA","1"
"GTAACTGTCGACGGAA","1"
"GTAACTGTCTGACCTC","2"
"GTACGTAAGGCCATAG","0"
"GTACGTAAGTCCATAC","1"
"GTACGTACAAGCGCTC","2"
"GTACGTAGTCTAGCGC","1"
"GTACGTAGTTACCAGT","2"
"GTACGTATCGTAGGTT","0"
"GTACTCCAGGAGTTTA","6"
"GTACTCCGTAAGGATT","2"
"GTACTCCGTAATAGCA","1"
"GTACTCCGTGGTAACG","0"
"GTACTCCTCCAGGGCT","2"
"GTACTCCTCGCGTTTC","4"
"GTACTCCTCGTAGGTT","0"
"GTACTCCTCTACTCAT","0"
"GTACTCCTCTGAGTGT","1"
"GTACTTTAGGCGACAT","0"
"GTACTTTAGTGTCTCA","1"
"GTACTTTCACAACGTT","0"
"GTACTTTGTACCGGCT","0"
"GTACTTTGTTATCGGT","0"
"GTACTTTTCACCAGGC","3"
"GTACTTTTCCTTAATC","0"
"GTACTTTTCTTTAGGG","3"
"GTAGGCCAGACCTTTG","4"
"GTAGGCCAGGTGACCA","2"
"GTAGGCCCAATGGAAT","3"
"GTAGGCCCACCTGGTG","1"
"GTAGGCCCATAAGACA","0"
"GTAGGCCGTCTTGATG","3"
"GTAGGCCTCAAAGTAG","0"
"GTAGGCCTCACGATGT","0"
"GTAGGCCTCATCTGCC","0"
"GTAGTCAAGACCACGA","0"
"GTAGTCAAGGATTCGG","0"
"GTAGTCAAGGGCTCTC","3"
"GTAGTCACAGCTCGCA","0"
"GTAGTCAGTAACGTTC","1"
"GTAGTCAGTAGGACAC","1"
"GTAGTCATCAAGCCTA","1"
"GTATCTTAGAGTACAT","1"
"GTATCTTAGTGCTGCC","3"
"GTATCTTCAACTGCGC","0"
"GTATCTTCAAGGCTCC","0"
"GTATCTTCAGCTTAAC","0"
"GTATCTTGTACTCGCG","4"
"GTATCTTGTCATCCCT","0"
"GTATCTTGTGTGTGCC","1"
"GTATCTTTCAGAGCTT","3"
"GTATCTTTCCTCGCAT","1"
"GTATTCTAGCTCTCGG","0"
"GTATTCTAGGATGGTC","1"
"GTATTCTCACGGTTTA","0"
"GTATTCTGTATGAATG","0"
"GTATTCTGTCAAACTC","2"
"GTATTCTGTTTCCACC","0"
"GTCAAGTAGTAGGTGC","2"
"GTCAAGTCATCTATGG","0"
"GTCACAAAGACAATAC","5"
"GTCACAAAGTAGTGCG","1"
"GTCACAAAGTGTGGCA","0"
"GTCACAACACACTGCG","2"
"GTCACAACAGCTGGCT","0"
"GTCACAAGTTAAGACA","0"
"GTCACAATCCAGATCA","0"
"GTCACAATCCAGGGCT","0"
"GTCACAATCTTAGAGC","3"
"GTCACGGAGTGAACAT","0"
"GTCACGGAGTGATCGG","5"
"GTCACGGCATGGGACA","0"
"GTCACGGGTAAATGTG","2"
"GTCACGGGTTCCGGCA","0"
"GTCATTTAGACCACGA","0"
"GTCATTTAGCCACTAT","1"
"GTCATTTCACGACTCG","0"
"GTCATTTGTCGAGATG","0"
"GTCATTTGTGATGATA","2"
"GTCATTTTCAGAGACG","0"
"GTCATTTTCAGGCCCA","0"
"GTCCTCAAGAAACCGC","2"
"GTCCTCAAGCGAAGGG","0"
"GTCCTCAAGTTAACGA","0"
"GTCCTCACACAGAGGT","0"
"GTCCTCACAGGAATGC","0"
"GTCCTCACAGGATTGG","3"
"GTCCTCACAGGGTTAG","2"
"GTCCTCACATTTCACT","1"
"GTCCTCAGTACGACCC","0"
"GTCCTCAGTAGGAGTC","2"
"GTCCTCAGTCATGCCG","0"
"GTCCTCAGTGCTAGCC","2"
"GTCCTCATCAAAGACA","1"
"GTCGGGTAGAGGTACC","1"
"GTCGGGTAGGTGTTAA","0"
"GTCGGGTCACGGTAGA","0"
"GTCGGGTCAGGGTACA","0"
"GTCGGGTCAGTCACTA","0"
"GTCGGGTGTGCCTGCA","2"
"GTCGGGTTCTTATCTG","0"
"GTCGTAAAGTCGCCGT","0"
"GTCGTAAAGTGCCAGA","0"
"GTCGTAACACGCCAGT","0"
"GTCGTAACAGATTGCT","2"
"GTCGTAAGTCAAACTC","6"
"GTCGTAAGTCTCACCT","0"
"GTCGTAATCCACGACG","0"
"GTCGTAATCTAAGCCA","1"
"GTCTCGTAGACAGACC","0"
"GTCTCGTAGCGGCTTC","0"
"GTCTCGTAGCTAAGAT","3"
"GTCTCGTCACAGACAG","0"
"GTCTCGTCAGCGTTCG","1"
"GTCTCGTCAGGTGCCT","0"
"GTCTCGTCATGTCGAT","0"
"GTCTCGTGTTAGGGTG","1"
"GTCTCGTGTTCATGGT","0"
"GTCTCGTGTTCCAACA","0"
"GTCTCGTTCAACGAAA","1"
"GTCTCGTTCGGATGGA","0"
"GTCTTCGAGAATTCCC","3"
"GTCTTCGAGAGACGAA","0"
"GTCTTCGAGGGCATGT","2"
"GTCTTCGAGGTGGGTT","0"
"GTCTTCGCACAGCCCA","0"
"GTCTTCGCACATGTGT","0"
"GTCTTCGCACCCATTC","2"
"GTCTTCGCAGAAGCAC","1"
"GTCTTCGGTCCGTCAG","2"
"GTCTTCGTCTAGCACA","1"
"GTGAAGGAGAAGATTC","2"
"GTGAAGGAGAGAGCTC","0"
"GTGAAGGAGGATCGCA","1"
"GTGAAGGCACAGGCCT","0"
"GTGAAGGCACCGTTGG","0"
"GTGAAGGGTAGAAAGG","1"
"GTGAAGGGTTCACGGC","2"
"GTGAAGGGTTGTGGAG","0"
"GTGAAGGTCACGATGT","2"
"GTGCAGCAGATATGCA","0"
"GTGCAGCAGATCCCAT","3"
"GTGCAGCAGGCCATAG","0"
"GTGCAGCAGTAACCCT","1"
"GTGCAGCCAACGCACC","3"
"GTGCAGCCAAGGGTCA","2"
"GTGCAGCCAATAGAGT","0"
"GTGCAGCCAATCCAAC","0"
"GTGCAGCCAGACAGGT","1"
"GTGCAGCCAGACGCTC","0"
"GTGCAGCCAGCCTTTC","0"
"GTGCAGCGTAAATGAC","2"
"GTGCAGCGTCGGCTCA","1"
"GTGCAGCGTCTAAAGA","2"
"GTGCAGCGTTCATGGT","0"
"GTGCAGCGTTGCCTCT","1"
"GTGCAGCTCGCCGTGA","3"
"GTGCATAAGAGAGCTC","2"
"GTGCATAAGGTACTCT","4"
"GTGCATAAGGTGTGGT","1"
"GTGCATACAACGCACC","2"
"GTGCATACAAGGACAC","5"
"GTGCATACAATAACGA","2"
"GTGCATACACCGATAT","2"
"GTGCATATCCGAAGAG","6"
"GTGCATATCTGGCGTG","1"
"GTGCGGTAGCCGTCGT","0"
"GTGCGGTAGTACCGGA","4"
"GTGCGGTCAGCTGCAC","0"
"GTGCGGTGTAATTGGA","1"
"GTGCGGTGTTCAGCGC","0"
"GTGCGGTTCCGCAGTG","1"
"GTGCGGTTCGGCTTGG","0"
"GTGCTTCAGGATGCGT","3"
"GTGCTTCCAATGAATG","2"
"GTGCTTCCACAGATTC","1"
"GTGCTTCCACATCTTT","0"
"GTGCTTCCAGCTTCGG","0"
"GTGCTTCGTACCCAAT","3"
"GTGCTTCGTTCAGCGC","1"
"GTGCTTCTCACGACTA","5"
"GTGCTTCTCCTTTACA","0"
"GTGCTTCTCTGTACGA","2"
"GTGGGTCAGTGATCGG","1"
"GTGGGTCCACCAACCG","1"
"GTGGGTCCATACGCCG","2"
"GTGGGTCGTAGCCTCG","1"
"GTGGGTCGTCCAAGTT","1"
"GTGGGTCGTGCAACGA","2"
"GTGGGTCTCAGCGATT","1"
"GTGGGTCTCAGTGTTG","4"
"GTGGGTCTCATCGATG","0"
"GTGGGTCTCGGTGTTA","1"
"GTGTGCGCAACACCTA","0"
"GTGTGCGCACACTGCG","1"
"GTGTGCGGTCTAGCGC","0"
"GTGTGCGTCAGTTGAC","1"
"GTGTTAGAGGCGCTCT","2"
"GTGTTAGCACCGATAT","0"
"GTGTTAGCACCGTTGG","0"
"GTGTTAGCATAAAGGT","1"
"GTGTTAGCATATACCG","4"
"GTGTTAGGTTAAAGAC","0"
"GTGTTAGTCAAACAAG","0"
"GTGTTAGTCAACACAC","0"
"GTGTTAGTCGGAAATA","0"
"GTTAAGCAGACAAAGG","1"
"GTTAAGCAGATCCCGC","2"
"GTTAAGCAGCGATTCT","1"
"GTTAAGCAGCGTGAAC","0"
"GTTAAGCCACGTGAGA","1"
"GTTAAGCCATCCAACA","0"
"GTTAAGCGTTGAGTTC","1"
"GTTAAGCGTTGGTAAA","0"
"GTTACAGAGATGTAAC","3"
"GTTACAGAGCAGGCTA","0"
"GTTACAGCAAGCTGTT","0"
"GTTACAGCAAGGGTCA","0"
"GTTACAGCAGATGGCA","1"
"GTTACAGCATATACCG","0"
"GTTACAGCATTACCTT","4"
"GTTACAGGTACATGTC","0"
"GTTACAGGTATAGGGC","1"
"GTTACAGGTCTGGAGA","1"
"GTTACAGTCAGTCAGT","0"
"GTTACAGTCATGTAGC","1"
"GTTACAGTCATTGCGA","0"
"GTTACAGTCCGAAGAG","0"
"GTTACAGTCCTTGGTC","2"
"GTTCATTAGACAGGCT","0"
"GTTCATTAGGCCGAAT","0"
"GTTCATTCACACCGCA","0"
"GTTCATTCATTAGCCA","0"
"GTTCATTCATTGGGCC","1"
"GTTCATTGTCACTTCC","0"
"GTTCATTGTCTCTTTA","6"
"GTTCATTGTTAGGGTG","0"
"GTTCATTGTTATCGGT","0"
"GTTCGGGAGATCCCGC","0"
"GTTCGGGAGCGATTCT","0"
"GTTCGGGCAATCGAAA","1"
"GTTCGGGCACTTACGA","0"
"GTTCGGGCAGGCTCAC","1"
"GTTCGGGGTATGAATG","0"
"GTTCGGGGTTTGTGTG","0"
"GTTCGGGTCCTTGACC","0"
"GTTCTCGAGCCAGGAT","0"
"GTTCTCGCACTCGACG","0"
"GTTCTCGCATGGGACA","2"
"GTTCTCGGTTACTGAC","2"
"GTTCTCGTCATCGATG","1"
"GTTTCTAAGACAGGCT","0"
"GTTTCTAAGAGCTGGT","0"
"GTTTCTAAGTATCGAA","4"
"GTTTCTAAGTGGGCTA","4"
"GTTTCTACAATGGAGC","2"
"GTTTCTACACAGAGGT","0"
"GTTTCTACACCTATCC","1"
"GTTTCTAGTAGGAGTC","0"
"GTTTCTAGTTCTGAAC","0"
"GTTTCTATCAGAGCTT","1"
"GTTTCTATCGTTACAG","1"
"TAAACCGAGATTACCC","2"
"TAAACCGAGGCATGGT","1"
"TAAACCGAGGGCTTGA","3"
"TAAACCGTCGCGATCG","0"
"TAAGAGAAGACTAGGC","0"
"TAAGAGAAGCTCTCGG","1"
"TAAGAGAGTCGGATCC","1"
"TAAGAGAGTTCAGACT","2"
"TAAGAGAGTTGAGTTC","0"
"TAAGAGATCATATCGG","4"
"TAAGAGATCTTACCTA","0"
"TAAGCGTAGAGACTAT","5"
"TAAGCGTAGTAGTGCG","0"
"TAAGCGTCACATCCAA","2"
"TAAGCGTCAGACGTAG","0"
"TAAGCGTCATCATCCC","0"
"TAAGCGTGTGTGACCC","0"
"TAAGCGTTCAGTGCAT","2"
"TAAGCGTTCATAGCAC","2"
"TAAGCGTTCGGATGTT","0"
"TAAGTGCAGATGCGAC","1"
"TAAGTGCAGCTCCTCT","0"
"TAAGTGCAGGAATTAC","3"
"TAAGTGCAGGCAGTCA","0"
"TAAGTGCAGGGATCTG","0"
"TAAGTGCCAGACGTAG","0"
"TAAGTGCCATAGAAAC","1"
"TAAGTGCGTTCCAACA","5"
"TAAGTGCTCAGCATGT","3"
"TAAGTGCTCTTAACCT","0"
"TACACGAAGTACGCGA","1"
"TACACGAAGTTGTCGT","2"
"TACACGACAGGACCCT","0"
"TACACGAGTGATGATA","0"
"TACACGATCAGTTGAC","1"
"TACAGTGAGAGTAAGG","0"
"TACAGTGAGCACGCCT","0"
"TACAGTGAGGCGATAC","0"
"TACAGTGCACTACAGT","0"
"TACAGTGTCCCTTGCA","1"
"TACCTATAGGCTATCT","2"
"TACCTATAGTAGGCCA","0"
"TACCTATCAACCGCCA","3"
"TACCTATCACACGCTG","0"
"TACCTATCAGCATACT","3"
"TACCTATGTACTCAAC","0"
"TACCTATTCAGAAATG","0"
"TACCTATTCTAACTCT","0"
"TACCTATTCTGGAGCC","0"
"TACCTATTCTGGCGAC","3"
"TACCTTAAGCCCAACC","0"
"TACCTTAAGGACAGAA","0"
"TACCTTAAGTCATCCA","1"
"TACCTTAGTGCGCTTG","2"
"TACCTTATCATGTGGT","0"
"TACCTTATCGTCCGTT","3"
"TACCTTATCTCTGTCG","2"
"TACGGATAGAAACGAG","0"
"TACGGATAGCTTTGGT","0"
"TACGGATAGGTGCAAC","2"
"TACGGATCAGCGTCCA","0"
"TACGGATGTACGCACC","0"
"TACGGATGTCCGAATT","3"
"TACGGATGTGACGCCT","0"
"TACGGATTCACGATGT","2"
"TACGGATTCCCAAGTA","0"
"TACGGGCCAAAGTCAA","0"
"TACGGGCCAGCGAACA","1"
"TACGGGCGTAATCGTC","3"
"TACGGGCGTGAGGGTT","1"
"TACGGGCGTTCATGGT","2"
"TACGGGCTCGAATGCT","2"
"TACGGTAAGACATAAC","0"
"TACGGTAAGCAGACTG","0"
"TACGGTAAGGTTCCTA","2"
"TACGGTAAGTATCGAA","1"
"TACGGTACAAAGGCGT","1"
"TACGGTACAATCACAC","1"
"TACGGTACAGTTAACC","0"
"TACGGTACATGGTCAT","3"
"TACGGTAGTCCAAGTT","2"
"TACGGTATCATGCTCC","1"
"TACTCATAGGTAAACT","2"
"TACTCATAGGTGGGTT","0"
"TACTCATCAAAGGAAG","2"
"TACTCATCACAACGTT","0"
"TACTCATCACGACTCG","0"
"TACTCATGTCGTCTTC","0"
"TACTCATGTGGTACAG","0"
"TACTCATGTTTGGGCC","2"
"TACTCATTCGGGAGTA","1"
"TACTCGCAGCTGTCTA","1"
"TACTCGCAGGTGTGGT","2"
"TACTCGCCAATCTGCA","1"
"TACTCGCCACACCGAC","2"
"TACTCGCGTAGAGCTG","0"
"TACTCGCGTGTGAATA","3"
"TACTCGCGTTTGTTGG","2"
"TACTCGCTCCAAGCCG","1"
"TACTCGCTCTCTTATG","0"
"TACTTACAGAACAACT","2"
"TACTTACAGACTTGAA","2"
"TACTTACAGAGACTAT","0"
"TACTTACAGCTGAACG","1"
"TACTTACAGGCGACAT","0"
"TACTTACCACAGACTT","0"
"TACTTACCATTTCAGG","0"
"TACTTACGTAGAGCTG","0"
"TACTTACGTCTAGTCA","0"
"TACTTGTAGTCGATAA","1"
"TACTTGTCAACTGCGC","2"
"TACTTGTCACTACAGT","0"
"TACTTGTCACTCGACG","1"
"TACTTGTGTGGCTCCA","0"
"TACTTGTTCCGCAAGC","0"
"TAGACCACAGTGAGTG","2"
"TAGACCAGTAACGACG","1"
"TAGACCAGTATCACCA","1"
"TAGACCAGTCTGCAAT","0"
"TAGAGCTAGACAGAGA","0"
"TAGAGCTAGCGACGTA","1"
"TAGAGCTAGGCTAGGT","1"
"TAGAGCTAGTGAACGC","0"
"TAGAGCTAGTGGGTTG","0"
"TAGAGCTAGTTGTCGT","0"
"TAGAGCTCAAACTGCT","1"
"TAGAGCTCACAGACAG","3"
"TAGAGCTCACAGATTC","0"
"TAGAGCTGTAAACCTC","1"
"TAGCCGGAGAATGTTG","2"
"TAGCCGGAGGCCCGTT","2"
"TAGCCGGAGTGAAGAG","1"
"TAGCCGGCATGTAAGA","0"
"TAGCCGGCATGTTCCC","2"
"TAGCCGGTCTACCAGA","2"
"TAGGCATAGTTGAGTA","0"
"TAGGCATCAACGATCT","1"
"TAGGCATGTGCATCTA","5"
"TAGGCATGTTGACGTT","0"
"TAGGCATTCACTGGGC","1"
"TAGGCATTCGGAGCAA","1"
"TAGGCATTCGGCTACG","2"
"TAGGCATTCGTCGTTC","0"
"TAGTGGTAGCTACCGC","1"
"TAGTGGTAGTATTGGA","1"
"TAGTGGTCAACACGCC","4"
"TAGTGGTCATAGGATA","0"
"TAGTGGTGTGATAAAC","1"
"TAGTGGTGTTCGGCAC","0"
"TAGTGGTTCTTTACAC","0"
"TAGTTGGAGAGAACAG","2"
"TAGTTGGAGAGCCTAG","3"
"TAGTTGGAGCCGGTAA","2"
"TAGTTGGCAGATGAGC","1"
"TAGTTGGCAGCATACT","2"
"TAGTTGGGTCATGCAT","0"
"TAGTTGGGTCTTGATG","0"
"TAGTTGGTCAATCACG","0"
"TAGTTGGTCTGCTTGC","3"
"TATCAGGAGACATAAC","0"
"TATCAGGAGCCCAACC","1"
"TATCAGGAGCGCTTAT","0"
"TATCAGGCACCATGTA","2"
"TATCAGGTCTGGGCCA","2"
"TATCTCAAGAGCTGGT","2"
"TATCTCAAGCAGATCG","6"
"TATCTCAAGCCTCGTG","0"
"TATCTCAAGTCTCGGC","0"
"TATCTCACACCCAGTG","1"
"TATCTCAGTCCCTACT","0"
"TATCTCATCAACGCTA","1"
"TATCTCATCACTCCTG","0"
"TATCTCATCCACGTGG","5"
"TATCTCATCGATAGAA","2"
"TATGCCCAGGATGGTC","0"
"TATGCCCAGTTATCGC","2"
"TATGCCCGTCAGAAGC","2"
"TATGCCCGTTCGAATC","0"
"TATGCCCTCAATCACG","0"
"TATGCCCTCGGGAGTA","1"
"TATTACCAGACGCTTT","0"
"TATTACCAGGATGGAA","0"
"TATTACCCAACTGGCC","1"
"TATTACCCACGCCAGT","2"
"TATTACCCATAAGACA","0"
"TATTACCGTATATCCG","0"
"TATTACCTCCACGCAG","0"
"TATTACCTCCAGTAGT","0"
"TATTACCTCGTCTGCT","1"
"TATTACCTCTCTGCTG","0"
"TCAACGAAGCTAAGAT","1"
"TCAACGACATTCCTGC","4"
"TCAACGAGTCTTCAAG","0"
"TCAACGATCTGGCGAC","0"
"TCAATCTAGAAGGTTT","1"
"TCAATCTAGACCTAGG","6"
"TCAATCTAGACTTTCG","0"
"TCAATCTAGGGTTCCC","0"
"TCAATCTAGTGGACGT","0"
"TCAATCTCAGCTCCGA","5"
"TCAATCTGTCCAGTTA","1"
"TCAATCTGTTTGTGTG","0"
"TCAATCTTCAATAAGG","0"
"TCACAAGAGAGTAATC","2"
"TCACAAGAGTGTACTC","1"
"TCACAAGCAAGTAGTA","0"
"TCACAAGGTCCAGTAT","1"
"TCACAAGTCACCCGAG","0"
"TCACAAGTCGTACCGG","1"
"TCACAAGTCTCAAGTG","0"
"TCACAAGTCTGATACG","0"
"TCACGAAAGCAGGTCA","0"
"TCACGAACACAGACTT","0"
"TCACGAACACATGTGT","0"
"TCACGAACATTAGCCA","5"
"TCACGAAGTACAAGTA","1"
"TCACGAAGTATATGGA","0"
"TCACGAAGTATGAATG","0"
"TCAGATGAGCCATCGC","2"
"TCAGATGAGCTCCCAG","0"
"TCAGATGAGGTAGCCA","3"
"TCAGATGAGTACCGGA","6"
"TCAGATGCACGCATCG","0"
"TCAGATGCATGAAGTA","0"
"TCAGATGGTACATCCA","0"
"TCAGATGGTATCAGTC","0"
"TCAGATGGTCGAAAGC","2"
"TCAGCAAAGAGGTACC","0"
"TCAGCAAAGCTCCTTC","0"
"TCAGCAACATCATCCC","0"
"TCAGCAACATCCAACA","1"
"TCAGCAACATGGAATA","3"
"TCAGCAACATGTAGTC","0"
"TCAGCAAGTCATATGC","3"
"TCAGCAATCTGTGCAA","0"
"TCAGCTCAGAGAGCTC","6"
"TCAGCTCAGCACACAG","0"
"TCAGCTCAGCGTGTCC","0"
"TCAGCTCAGCTCAACT","3"
"TCAGCTCAGGTAGCTG","4"
"TCAGCTCAGTTAGCGG","0"
"TCAGCTCCACGGCTAC","1"
"TCAGCTCCAGTGACAG","0"
"TCAGCTCGTCCGAAGA","1"
"TCAGCTCGTCTCTTTA","2"
"TCAGCTCTCAACCAAC","6"
"TCAGCTCTCCTTTCTC","0"
"TCAGCTCTCGAGAGCA","1"
"TCAGCTCTCGCAGGCT","0"
"TCAGCTCTCTAGCACA","0"
"TCAGGATAGTGTTTGC","3"
"TCAGGATCAATAGAGT","2"
"TCAGGATCACCTGGTG","0"
"TCAGGATCACGCCAGT","0"
"TCAGGATCAGCCACCA","2"
"TCAGGATCAGTCAGCC","2"
"TCAGGATCATCAGTAC","5"
"TCAGGATCATTTGCTT","2"
"TCAGGATGTAAATGAC","0"
"TCAGGATGTATAGTAG","0"
"TCAGGATTCAGTCCCT","0"
"TCAGGATTCCAACCAA","3"
"TCAGGTAAGACGACGT","0"
"TCAGGTAAGCCACCTG","1"
"TCAGGTAAGCCACGTC","0"
"TCAGGTAAGCCATCGC","2"
"TCAGGTACACTGTGTA","5"
"TCAGGTAGTAGGCTGA","2"
"TCAGGTAGTTTCCACC","3"
"TCAGGTATCATGTCTT","0"
"TCAGGTATCCACGTGG","1"
"TCAGGTATCCAGATCA","0"
"TCAGGTATCGAGCCCA","3"
"TCATTACAGAGTGACC","2"
"TCATTACAGTCCAGGA","4"
"TCATTACAGTCGATAA","3"
"TCATTACCATGTCGAT","4"
"TCATTACTCTCTGTCG","0"
"TCATTTGAGAGTAATC","0"
"TCATTTGAGTCACGCC","2"
"TCATTTGCAATTGCTG","2"
"TCATTTGCAGCTTAAC","0"
"TCATTTGGTATTAGCC","1"
"TCATTTGTCATGTGGT","3"
"TCCACACAGGAGCGAG","0"
"TCCACACCATGCCCGA","2"
"TCCACACGTTAAGATG","0"
"TCCCGATAGACAATAC","0"
"TCCCGATAGAGGTTAT","1"
"TCCCGATGTTATCACG","1"
"TCCCGATGTTCGTGAT","1"
"TCCCGATGTTTGGGCC","0"
"TCCCGATTCATGCAAC","0"
"TCCCGATTCTTGTACT","0"
"TCGAGGCAGTGGCACA","0"
"TCGAGGCCAAGCTGTT","1"
"TCGAGGCCAATAGAGT","2"
"TCGAGGCCAATGACCT","0"
"TCGAGGCGTAAAGGAG","1"
"TCGAGGCGTCAACATC","1"
"TCGAGGCGTCGAAAGC","0"
"TCGAGGCGTGCACCAC","1"
"TCGAGGCGTTCCGGCA","0"
"TCGAGGCTCCTCCTAG","0"
"TCGAGGCTCGGAATCT","5"
"TCGAGGCTCGGATGTT","2"
"TCGCGAGCAGGTCGTC","1"
"TCGCGAGCAGTATCTG","0"
"TCGCGAGGTACCGCTG","1"
"TCGCGAGGTGGAAAGA","0"
"TCGCGAGTCAAGGCTT","2"
"TCGCGAGTCTTTAGTC","0"
"TCGCGTTAGAGAACAG","6"
"TCGCGTTAGTTCGCGC","0"
"TCGCGTTTCAACCAAC","0"
"TCGCGTTTCACATACG","0"
"TCGCGTTTCTTGTTTG","0"
"TCGGGACAGCTAGTCT","4"
"TCGGGACAGGATGGAA","3"
"TCGGGACCAAGCGCTC","5"
"TCGGGACGTCTTCTCG","2"
"TCGGGACGTTTGTTTC","2"
"TCGGGACTCACCCGAG","5"
"TCGGGACTCTAACTGG","1"
"TCGGTAAAGGGAACGG","0"
"TCGGTAACAAGGGTCA","2"
"TCGGTAAGTACCGCTG","1"
"TCGGTAAGTAGCGATG","5"
"TCGGTAAGTATATGAG","0"
"TCGGTAAGTGACGCCT","1"
"TCGGTAAGTGATGCCC","0"
"TCGGTAAGTTCACCTC","1"
"TCGGTAATCATAACCG","0"
"TCGGTAATCGAGAACG","2"
"TCGGTAATCTAGAGTC","5"
"TCGTACCCAAAGTGCG","0"
"TCGTACCCAAGCGAGT","2"
"TCGTACCCACCGAATT","2"
"TCGTACCGTACCGAGA","1"
"TCGTACCGTTCCGGCA","0"
"TCGTACCGTTCCTCCA","2"
"TCGTACCTCGGAGCAA","0"
"TCGTAGAAGAAGGGTA","0"
"TCGTAGAAGATCCGAG","0"
"TCGTAGAAGCTAGCCC","0"
"TCGTAGACAAGTCTGT","1"
"TCGTAGAGTACAGTGG","0"
"TCGTAGAGTATCACCA","0"
"TCGTAGAGTCGAACAG","0"
"TCGTAGAGTGGTCTCG","0"
"TCTATTGAGATGTCGG","0"
"TCTATTGAGCGCCTTG","1"
"TCTATTGAGGCTACGA","4"
"TCTATTGCAAATACAG","1"
"TCTATTGCATGGTAGG","5"
"TCTATTGGTTTGACAC","1"
"TCTCATAAGACAAGCC","1"
"TCTCATAAGGTAGCTG","0"
"TCTCATAAGTGTGGCA","0"
"TCTCATACAATGGAGC","0"
"TCTCATACATCGGACC","0"
"TCTCATAGTACCGTAT","0"
"TCTCATAGTCTCCATC","2"
"TCTCATATCCCTAATT","0"
"TCTCATATCCCTTGTG","0"
"TCTCATATCCTTGGTC","0"
"TCTCTAAAGAAACCGC","1"
"TCTCTAAAGATCCCAT","0"
"TCTCTAACAATGGATA","0"
"TCTCTAAGTAATAGCA","0"
"TCTCTAATCGCCAGCA","2"
"TCTCTAATCTGGGCCA","0"
"TCTGAGAAGTTAGCGG","0"
"TCTGAGACAAATACAG","0"
"TCTGAGAGTACTCAAC","0"
"TCTGAGAGTTGACGTT","0"
"TCTGAGATCCTCAATT","3"
"TCTGAGATCCTTAATC","0"
"TCTGAGATCGTCCGTT","0"
"TCTGGAAAGGAGTACC","2"
"TCTGGAAAGGTAGCCA","6"
"TCTGGAACACGGTGTC","0"
"TCTGGAACATGATCCA","3"
"TCTGGAACATTACCTT","3"
"TCTGGAAGTAAAGGAG","4"
"TCTGGAAGTAATTGGA","0"
"TCTGGAAGTAGCGTGA","1"
"TCTGGAAGTGTTTGTG","1"
"TCTGGAAGTTCTGTTT","1"
"TCTGGAATCACCCGAG","0"
"TCTTCGGAGAACTCGG","1"
"TCTTCGGAGCAGCCTC","1"
"TCTTCGGAGCGTGAAC","5"
"TCTTCGGAGGCAATTA","1"
"TCTTCGGCAGACAGGT","2"
"TCTTCGGCAGGACGTA","2"
"TCTTCGGGTAAGGATT","2"
"TCTTCGGGTAAGTAGT","0"
"TCTTCGGTCAGCTGGC","0"
"TCTTCGGTCATTTGGG","1"
"TCTTCGGTCCCTAATT","2"
"TCTTCGGTCCCTTGCA","2"
"TCTTCGGTCCGTCAAA","0"
"TCTTCGGTCGTAGGAG","0"
"TCTTCGGTCTACTTAC","1"
"TCTTCGGTCTTAACCT","4"
"TCTTTCCCAAGGTTCT","0"
"TCTTTCCCAATCGAAA","0"
"TCTTTCCCAGGAATGC","3"
"TCTTTCCGTCATACTG","0"
"TCTTTCCGTGCACGAA","1"
"TCTTTCCGTTATGCGT","1"
"TCTTTCCTCAGTTTGG","2"
"TCTTTCCTCATCTGCC","3"
"TGAAAGAAGAATGTTG","0"
"TGAAAGAAGAGTAATC","1"
"TGAAAGAAGCACACAG","2"
"TGAAAGAAGCCCGAAA","1"
"TGAAAGAAGGGTGTGT","3"
"TGAAAGACAAATTGCC","0"
"TGAAAGACAATGTAAG","0"
"TGAAAGACACAGATTC","0"
"TGAAAGACAGCTTCGG","0"
"TGAAAGAGTGCACTTA","0"
"TGAAAGAGTGGGTATG","1"
"TGAAAGAGTTGTCTTT","1"
"TGAAAGATCTTAGCCC","2"
"TGACAACAGAAACGCC","0"
"TGACAACAGTTCGCGC","0"
"TGACAACCAGATAATG","0"
"TGACAACGTAAGTTCC","3"
"TGACAACGTGACGGTA","0"
"TGACAACGTGTCTGAT","3"
"TGACAACGTTCCTCCA","0"
"TGACAACGTTTGTTTC","0"
"TGACAACTCAGATAAG","1"
"TGACGGCAGCACACAG","0"
"TGACGGCAGCGATGAC","1"
"TGACGGCCAAATTGCC","2"
"TGACGGCCATAGAAAC","0"
"TGACGGCCATCACCCT","5"
"TGACGGCGTGTTGAGG","2"
"TGACGGCGTTCGAATC","3"
"TGACGGCTCTTCATGT","0"
"TGACTAGAGAAGATTC","0"
"TGACTAGAGCTCCCAG","1"
"TGACTAGAGGAGTAGA","3"
"TGACTAGAGTGGGTTG","1"
"TGACTAGAGTTATCGC","0"
"TGACTAGGTTCATGGT","0"
"TGACTAGGTTTGTGTG","1"
"TGACTAGTCAAACAAG","0"
"TGACTAGTCGGTGTTA","0"
"TGACTAGTCTGGCGAC","1"
"TGACTTTAGAGTACAT","1"
"TGACTTTAGCTAGCCC","1"
"TGACTTTCATCTCCCA","1"
"TGACTTTGTACCTACA","0"
"TGACTTTGTAGAAGGA","0"
"TGACTTTGTGCAGACA","2"
"TGACTTTGTGCTCTTC","1"
"TGACTTTTCAGATAAG","0"
"TGAGAGGAGCACCGTC","1"
"TGAGAGGAGCAGGTCA","0"
"TGAGAGGAGGAGTAGA","1"
"TGAGAGGCATGTAGTC","0"
"TGAGAGGGTCGCGTGT","0"
"TGAGAGGGTGTGGTTT","0"
"TGAGAGGGTTTGTTTC","3"
"TGAGAGGTCATCGGAT","1"
"TGAGAGGTCGGTGTCG","2"
"TGAGAGGTCTGATACG","0"
"TGAGCATAGAGGTTAT","0"
"TGAGCATAGGGCTCTC","6"
"TGAGCATAGTTTAGGA","3"
"TGAGCATCACAGGAGT","1"
"TGAGCATCACGACGAA","3"
"TGAGCATCACGTCTCT","0"
"TGAGCATTCCAAAGTC","5"
"TGAGCCGAGAAACGAG","1"
"TGAGCCGAGCCAGTAG","0"
"TGAGCCGCAAGGGTCA","1"
"TGAGCCGCAAGTCTGT","0"
"TGAGCCGCATGGTAGG","0"
"TGAGCCGGTCAGAAGC","2"
"TGAGCCGGTCGAACAG","0"
"TGAGCCGTCAAAGACA","0"
"TGAGGGAAGGAATTAC","0"
"TGAGGGACAATCGGTT","0"
"TGAGGGACAGCCACCA","0"
"TGAGGGACATCACAAC","3"
"TGAGGGAGTGCTTCTC","0"
"TGAGGGATCAGTTTGG","2"
"TGAGGGATCCCGGATG","0"
"TGAGGGATCGGGAGTA","1"
"TGAGGGATCTGATTCT","0"
"TGATTTCAGAGGTTGC","0"
"TGATTTCAGCTAAGAT","3"
"TGATTTCAGCTGTCTA","0"
"TGATTTCAGTCCCACG","1"
"TGATTTCCAAACAACA","0"
"TGATTTCCACAAGCCC","5"
"TGATTTCCACGACTCG","2"
"TGATTTCCATATACGC","1"
"TGATTTCCATATGAGA","2"
"TGATTTCGTTAAGACA","0"
"TGATTTCGTTACCAGT","0"
"TGATTTCGTTTACTCT","0"
"TGATTTCTCCTAGGGC","1"
"TGATTTCTCCTCATTA","0"
"TGATTTCTCGTTTAGG","0"
"TGCACCTAGGAACTGC","1"
"TGCACCTAGGCCCGTT","0"
"TGCACCTAGTGAAGTT","2"
"TGCACCTAGTTATCGC","3"
"TGCACCTCAAATACAG","5"
"TGCACCTCACAGGAGT","2"
"TGCACCTCAGACGCAA","5"
"TGCACCTCAGATAATG","1"
"TGCACCTCAGATCTGT","0"
"TGCACCTCAGCATGAG","0"
"TGCACCTCAGTAAGAT","0"
"TGCACCTCATGCAATC","2"
"TGCACCTCATTGGCGC","4"
"TGCACCTGTCAGTGGA","4"
"TGCACCTGTCTTGCGG","2"
"TGCACCTGTGACCAAG","1"
"TGCACCTGTGCACCAC","2"
"TGCACCTTCGGAGGTA","0"
"TGCCAAAAGATCGGGT","1"
"TGCCAAAAGCCGCCTA","3"
"TGCCAAAAGTGGTAGC","3"
"TGCCAAAAGTTTGCGT","0"
"TGCCAAAGTCTCATCC","0"
"TGCCCATAGACCTTTG","0"
"TGCCCATAGACGACGT","0"
"TGCCCATAGGAATGGA","5"
"TGCCCATAGGCTATCT","0"
"TGCCCATAGTACCGGA","0"
"TGCCCATGTAGGCTGA","1"
"TGCCCTAAGATCTGAA","0"
"TGCCCTAAGATCTGCT","0"
"TGCCCTACACTAAGTC","0"
"TGCCCTACATAAGACA","0"
"TGCCCTAGTCCTGCTT","4"
"TGCCCTATCATTCACT","0"
"TGCCCTATCCACTCCA","0"
"TGCCCTATCCTGTAGA","0"
"TGCGCAGAGACACGAC","0"
"TGCGCAGCACCAGTTA","0"
"TGCGCAGCATCCCACT","2"
"TGCGCAGGTAGTAGTA","0"
"TGCGCAGTCACGAAGG","2"
"TGCGCAGTCACGCATA","1"
"TGCGCAGTCGCCTGAG","2"
"TGCGCAGTCTGCCCTA","1"
"TGCGGGTAGCTAGTGG","2"
"TGCGGGTAGTGTCCAT","0"
"TGCGGGTAGTTACGGG","0"
"TGCGGGTAGTTCGCGC","1"
"TGCGGGTTCATAACCG","0"
"TGCGTGGAGCTATGCT","6"
"TGCGTGGAGGCAGGTT","0"
"TGCGTGGAGTCATCCA","0"
"TGCGTGGAGTGTGAAT","3"
"TGCGTGGCAGTAAGAT","0"
"TGCGTGGCATCGACGC","0"
"TGCGTGGGTTCACGGC","1"
"TGCGTGGGTTTGCATG","0"
"TGCGTGGTCCCAGGTG","0"
"TGCGTGGTCGAGCCCA","1"
"TGCGTGGTCGGATGTT","1"
"TGCTACCAGAGAACAG","0"
"TGCTACCAGCTAACTC","4"
"TGCTACCCAACGATCT","2"
"TGCTACCCAATGGACG","0"
"TGCTACCCACCGATAT","2"
"TGCTACCCACTCTGTC","0"
"TGCTACCTCATCACCC","0"
"TGCTACCTCCCAAGAT","1"
"TGCTACCTCGTACCGG","0"
"TGCTACCTCTCCTATA","1"
"TGCTACCTCTGAAAGA","2"
"TGCTGCTAGCTGGAAC","0"
"TGCTGCTAGTAATCCC","0"
"TGCTGCTGTCGATTGT","0"
"TGCTGCTTCATAGCAC","0"
"TGGACGCAGAAGGGTA","0"
"TGGACGCAGCCCAGCT","0"
"TGGACGCAGTGTTAGA","0"
"TGGACGCCACCAGGCT","1"
"TGGACGCGTCCGTCAG","0"
"TGGACGCGTGTCCTCT","3"
"TGGACGCGTTATCACG","2"
"TGGACGCTCAGCTCGG","0"
"TGGACGCTCTTACCTA","1"
"TGGCCAGAGAACTCGG","0"
"TGGCCAGAGCGTCTAT","0"
"TGGCCAGAGTACGATA","2"
"TGGCCAGGTCTCAACA","0"
"TGGCGCAAGACAAAGG","0"
"TGGCGCAAGAGCCCAA","2"
"TGGCGCACACAGCCCA","0"
"TGGCGCAGTTGTCGCG","1"
"TGGCGCATCAAGGTAA","0"
"TGGCGCATCTAACCGA","3"
"TGGCTGGAGCCCAATT","0"
"TGGCTGGAGTGGTCCC","1"
"TGGCTGGCAGCTTCGG","0"
"TGGCTGGCATGCTGGC","0"
"TGGCTGGGTTGATTCG","3"
"TGGCTGGTCCGAACGC","0"
"TGGCTGGTCCTCTAGC","6"
"TGGCTGGTCTGTCAAG","0"
"TGGGAAGAGCGTAGTG","0"
"TGGGAAGCACGGCCAT","0"
"TGGGAAGCAGTCTTCC","4"
"TGGGAAGGTACCGAGA","0"
"TGGGAAGGTCGAGTTT","2"
"TGGGAAGGTCGGATCC","0"
"TGGGAAGGTGCAACTT","1"
"TGGGAAGGTTTGCATG","0"
"TGGGAAGTCTCCTATA","3"
"TGGGCGTAGAGTGACC","0"
"TGGGCGTAGATTACCC","0"
"TGGGCGTAGCCGTCGT","0"
"TGGGCGTAGGAGCGTT","1"
"TGGGCGTCAGACACTT","5"
"TGGGCGTGTTACGCGC","1"
"TGGGCGTTCATACGGT","1"
"TGGGCGTTCATCTGCC","0"
"TGGGCGTTCGCCTGAG","2"
"TGGGCGTTCTGAGTGT","2"
"TGGGCGTTCTTAACCT","1"
"TGGTTAGAGAGGTTGC","1"
"TGGTTAGAGCCGCCTA","0"
"TGGTTAGCACGGATAG","2"
"TGGTTAGCACGGTAAG","2"
"TGGTTAGCATTAGGCT","1"
"TGGTTAGGTAAACACA","1"
"TGGTTAGTCCCGGATG","0"
"TGGTTCCAGTGAATTG","1"
"TGGTTCCCAATAGCGG","0"
"TGGTTCCCAGCGTAAG","2"
"TGGTTCCGTTGGTGGA","0"
"TGTATTCAGCTCCTTC","2"
"TGTATTCAGGCTCAGA","0"
"TGTATTCAGTAGCGGT","2"
"TGTATTCCACATCCAA","1"
"TGTATTCCACCGAATT","1"
"TGTATTCCATCCCATC","0"
"TGTATTCGTATTCGTG","0"
"TGTATTCGTGACTACT","3"
"TGTATTCTCTGGTGTA","3"
"TGTCCCAAGGAGCGAG","0"
"TGTCCCACACGGATAG","0"
"TGTCCCAGTCTGCCAG","1"
"TGTCCCAGTTCGGCAC","0"
"TGTCCCAGTTCTGAAC","1"
"TGTGGTAAGACAGAGA","0"
"TGTGGTAAGATTACCC","1"
"TGTGGTAAGGAGTACC","0"
"TGTGGTAAGGTGTTAA","2"
"TGTGGTAAGTCTTGCA","2"
"TGTGGTAAGTGGAGTC","1"
"TGTGGTACAGCTGCTG","0"
"TGTGGTAGTTGCGCAC","2"
"TGTGGTAGTTGGTGGA","0"
"TGTGTTTAGAAACCTA","0"
"TGTGTTTCAAGGACAC","2"
"TGTGTTTCAAGTAATG","0"
"TGTGTTTCACAACGTT","3"
"TGTGTTTCACTATCTT","0"
"TGTGTTTCAGGACGTA","0"
"TGTGTTTGTATAAACG","0"
"TGTGTTTTCAGCTGGC","2"
"TGTGTTTTCTAACTCT","3"
"TGTTCCGAGAGACTAT","5"
"TGTTCCGAGAGACTTA","0"
"TGTTCCGAGGACCACA","2"
"TGTTCCGAGTTGAGTA","0"
"TGTTCCGGTAGGGTAC","2"
"TGTTCCGGTATTAGCC","4"
"TGTTCCGGTCATCCCT","0"
"TGTTCCGGTTAAGACA","0"
"TGTTCCGTCCACGAAT","0"
"TGTTCCGTCGCCCTTA","5"
"TTAACTCAGACTCGGA","0"
"TTAACTCAGAGCCCAA","0"
"TTAACTCCAAAGGTGC","0"
"TTAACTCCAACAACCT","2"
"TTAACTCCATGAAGTA","0"
"TTAACTCGTAACGCGA","0"
"TTAACTCGTTCTGAAC","0"
"TTAACTCTCATATCGG","3"
"TTAACTCTCGCGTTTC","0"
"TTAGGACAGACTTTCG","0"
"TTAGGACCAAGTCTAC","1"
"TTAGGACCAGGGTACA","5"
"TTAGGACTCAACACTG","3"
"TTAGGCAAGCGTAATA","2"
"TTAGGCAAGGCACATG","2"
"TTAGGCACAAAGGTGC","1"
"TTAGGCACATTAGGCT","3"
"TTAGGCAGTAAGGATT","0"
"TTAGGCAGTATGAAAC","1"
"TTAGGCAGTTGACGTT","6"
"TTAGGCAGTTTGTGTG","0"
"TTAGGCATCAGTTAGC","2"
"TTAGTTCAGTGCGATG","5"
"TTAGTTCCAAACCCAT","1"
"TTAGTTCCAATCGAAA","0"
"TTAGTTCCATACAGCT","3"
"TTAGTTCCATGCATGT","1"
"TTAGTTCCATTGGGCC","2"
"TTAGTTCGTAAATGTG","2"
"TTAGTTCGTACCGTTA","0"
"TTAGTTCTCAGAAATG","0"
"TTAGTTCTCCTATGTT","0"
"TTAGTTCTCTGAGTGT","2"
"TTAGTTCTCTGCGGCA","0"
"TTATGCTAGGAGCGTT","0"
"TTATGCTAGTAGCCGA","0"
"TTATGCTGTAGCGTGA","0"
"TTATGCTGTTCAGTAC","2"
"TTATGCTTCAACGGGA","0"
"TTATGCTTCCACGCAG","1"
"TTATGCTTCCGTACAA","5"
"TTATGCTTCGCGGATC","4"
"TTATGCTTCTCGCATC","0"
"TTATGCTTCTCTGTCG","2"
"TTATGCTTCTGCCCTA","0"
"TTCCCAGAGACAGACC","0"
"TTCCCAGAGAGACTTA","5"
"TTCCCAGAGATGTGGC","0"
"TTCCCAGAGGGTTTCT","0"
"TTCCCAGAGTATCGAA","0"
"TTCCCAGCAAAGCGGT","2"
"TTCCCAGCACTCGACG","2"
"TTCCCAGCATACTACG","2"
"TTCCCAGGTAATCACC","1"
"TTCCCAGGTTACCAGT","0"
"TTCCCAGTCGCCGTGA","0"
"TTCCCAGTCTTCGGTC","1"
"TTCGAAGAGCTCAACT","2"
"TTCGAAGCATTTCAGG","5"
"TTCGAAGGTCGCGTGT","1"
"TTCGAAGGTTGAGGTG","3"
"TTCGGTCAGAGAACAG","2"
"TTCGGTCAGAGCCCAA","4"
"TTCGGTCAGATAGGAG","3"
"TTCGGTCAGGAGTTTA","0"
"TTCGGTCAGTTCGATC","1"
"TTCGGTCCACAGCCCA","2"
"TTCGGTCCACGGTTTA","2"
"TTCGGTCCATCCAACA","1"
"TTCGGTCGTAGCAAAT","0"
"TTCGGTCGTATGCTTG","3"
"TTCGGTCGTCCTGCTT","0"
"TTCGGTCTCATTTGGG","0"
"TTCGGTCTCCGAAGAG","2"
"TTCTACAAGATGAGAG","0"
"TTCTACAAGGTGATAT","4"
"TTCTACACAAGCTGAG","0"
"TTCTACACACATGTGT","0"
"TTCTACACACGTTGGC","1"
"TTCTACAGTCGGCACT","1"
"TTCTACAGTGCAGACA","0"
"TTCTACAGTTTAGCTG","2"
"TTCTACATCCAAGTAC","0"
"TTCTACATCTGCCAGG","0"
"TTCTCAAAGATACACA","4"
"TTCTCAAAGCAGGTCA","2"
"TTCTCAAAGGTGCAAC","0"
"TTCTCAACAAAGCAAT","2"
"TTCTCAACACATTAGC","0"
"TTCTCAAGTAAACACA","4"
"TTCTCAAGTCTTTCAT","0"
"TTCTCAATCCTCAACC","2"
"TTCTCAATCGGCGCTA","6"
"TTCTCCTAGATACACA","0"
"TTCTCCTCAAGGACAC","1"
"TTCTCCTCAGCAGTTT","0"
"TTCTCCTGTAAGTTCC","2"
"TTCTCCTGTGCTCTTC","0"
"TTCTCCTTCCTGCTTG","1"
"TTCTTAGAGCCGGTAA","0"
"TTCTTAGAGCGCTCCA","2"
"TTCTTAGAGCTATGCT","3"
"TTCTTAGCAATGGACG","3"
"TTCTTAGCACATCCAA","3"
"TTCTTAGCAGCTGTAT","3"
"TTCTTAGCAGGCTCAC","0"
"TTCTTAGCAGGTGCCT","0"
"TTCTTAGGTGCCTGGT","0"
"TTCTTAGGTTACGCGC","0"
"TTCTTAGGTTCCCTTG","0"
"TTCTTAGGTTGCTCCT","0"
"TTCTTAGTCTTGCATT","0"
"TTGAACGAGACTAGGC","1"
"TTGAACGAGCACGCCT","2"
"TTGAACGCACTAAGTC","3"
"TTGAACGCAGCCTATA","1"
"TTGAACGCATACGCTA","1"
"TTGAACGCATCTCGCT","0"
"TTGAACGCATGCCCGA","2"
"TTGAACGGTCGCGGTT","2"
"TTGAACGTCAACGGGA","0"
"TTGAACGTCACAATGC","0"
"TTGAACGTCATCGATG","0"
"TTGAACGTCGACAGCC","0"
"TTGACTTAGATGTGTA","0"
"TTGACTTAGGCTCATT","2"
"TTGACTTAGTCATGCT","2"
"TTGACTTCATGACGGA","0"
"TTGACTTGTCACCTAA","0"
"TTGACTTGTCTTGCGG","0"
"TTGACTTGTTAGATGA","2"
"TTGACTTGTTCCTCCA","0"
"TTGCCGTAGAGTACAT","2"
"TTGCCGTAGTGTACGG","2"
"TTGCCGTCAAAGGCGT","1"
"TTGCCGTCAACTTGAC","0"
"TTGCCGTGTACTCTCC","0"
"TTGCCGTGTCAACTGT","4"
"TTGCCGTGTCTCCACT","5"
"TTGCCGTGTGGGTATG","1"
"TTGCCGTGTGGTTTCA","0"
"TTGCCGTGTTCAGTAC","1"
"TTGCCGTTCCTCAACC","0"
"TTGCCGTTCCTCTAGC","0"
"TTGCCGTTCGGCGCAT","0"
"TTGCGTCAGGAATCGC","0"
"TTGCGTCAGGATGGAA","0"
"TTGCGTCCATCTACGA","0"
"TTGCGTCCATGCCTAA","4"
"TTGCGTCGTTCACCTC","0"
"TTGCGTCTCTAACGGT","0"
"TTGGAACAGTATCGAA","0"
"TTGGAACCAAGCCATT","0"
"TTGGAACGTAGCTCCG","0"
"TTGGAACGTTGACGTT","0"
"TTGGAACTCAGATAAG","0"
"TTGGAACTCGGATGGA","0"
"TTGGCAAAGGGCTTCC","0"
"TTGGCAAAGTGTCTCA","0"
"TTGGCAACAAGGACAC","0"
"TTGGCAACAGGGTATG","0"
"TTGGCAACATCCCATC","0"
"TTGGCAAGTCAATACC","1"
"TTGGCAAGTTAAGATG","2"
"TTGGCAATCGCATGGC","0"
"TTGGCAATCGGTGTCG","0"
"TTGTAGGAGCTGTCTA","6"
"TTGTAGGAGGCTAGAC","0"
"TTGTAGGCAAGAAGAG","2"
"TTGTAGGGTACAGACG","0"
"TTGTAGGGTTAAGGGC","3"
"TTGTAGGGTTGCTCCT","1"
"TTGTAGGTCCCAGGTG","1"
"TTGTAGGTCGCTTGTC","0"
"TTGTAGGTCGGATGTT","2"
"TTTACTGAGACCACGA","6"
"TTTACTGAGATGTAAC","2"
"TTTACTGAGCGTGTCC","5"
"TTTACTGAGGGCTTCC","0"
"TTTACTGAGGTTCCTA","2"
"TTTACTGCAAACCCAT","0"
"TTTACTGCATCTACGA","3"
"TTTACTGGTGTAATGA","6"
"TTTACTGGTTCAGACT","0"
"TTTACTGTCGATAGAA","2"
"TTTATGCCAAGCCTAT","0"
"TTTATGCCAAGCTGGA","0"
"TTTATGCCACATGTGT","0"
"TTTATGCCAGCCACCA","0"
"TTTATGCGTACCGGCT","3"
"TTTATGCGTGTAATGA","1"
"TTTATGCTCAGGTTCA","0"
"TTTATGCTCCTTGGTC","3"
"TTTCCTCAGAGTTGGC","0"
"TTTCCTCAGGCCCTCA","0"
"TTTCCTCAGGGATACC","0"
"TTTCCTCAGTCGCCGT","6"
"TTTCCTCCATCGGACC","0"
"TTTCCTCGTACCTACA","4"
"TTTCCTCGTGAACCTT","0"
"TTTCCTCTCTGGTGTA","2"
"TTTCCTCTCTTAACCT","2"
"TTTGCGCAGAAACCGC","1"
"TTTGCGCAGAAAGTGG","0"
"TTTGCGCCAGAAGCAC","2"
"TTTGCGCTCCTGCTTG","0"
"TTTGGTTAGCCGCCTA","0"
"TTTGGTTAGTCCCACG","2"
"TTTGGTTCAAGTCATC","2"
"TTTGGTTCACAGACAG","3"
"TTTGGTTCAGATCTGT","0"
"TTTGGTTCAGATGGGT","2"
"TTTGGTTGTATCGCAT","3"
"TTTGGTTGTCCAGTAT","1"
"TTTGGTTGTGCAACGA","0"
"TTTGGTTTCCCTAATT","1"
"TTTGGTTTCTCGGACG","1"
"TTTGTCAAGACAAAGG","2"
"TTTGTCAAGATCCCAT","0"
"TTTGTCACAGATCGGA","1"
"TTTGTCACAGGACGTA","0"
"TTTGTCAGTACATGTC","5"
"TTTGTCAGTGCGCTTG","1"
"TTTGTCATCACGATGT","3"
"TTTGTCATCGGCTTGG","4"
"TTTGTCATCTTACCGC","1"
"TTTGTCATCTTGTTTG","0"
